#
# A fatal error has been detected by the Java Runtime Environment:
#
#  SIGSEGV (0xb) at pc=0x00007e76b900cb60, pid=720610, tid=720638
#
# JRE version: OpenJDK Runtime Environment (25.0.2+10) (build 25.0.2+10-69)
# Java VM: OpenJDK 64-Bit Server VM (25.0.2+10-69, mixed mode, emulated-client, sharing, tiered, compressed oops, compressed class ptrs, g1 gc, linux-amd64)
# Problematic frame:
# V  [libjvm.so+0x100cb60]  SymbolTable::grow(JavaThread*)+0x4a0
#
# Core dump will be written. Default location: Core dumps may be processed with "/usr/share/apport/apport -p%p -s%s -c%c -d%d -P%P -u%u -g%g -F%F -- %E" (or dumping to /home/tarik/Masaüstü/Services/ALGORY-RENTAL/algorycode-rent-service/core.720610)
#
# If you would like to submit a bug report, please visit:
#   https://bugreport.java.com/bugreport/crash.jsp
#

---------------  S U M M A R Y ------------

Command Line: -XX:TieredStopAtLevel=1 -Dspring.output.ansi.enabled=always -javaagent:/snap/intellij-idea/60/lib/idea_rt.jar=40631 -Dfile.encoding=UTF-8 -Dsun.stdout.encoding=UTF-8 -Dsun.stderr.encoding=UTF-8 com.algorycode.rent.RentServiceApplication

Host: AMD Ryzen 5 5600X 6-Core Processor, 12 cores, 15G, Ubuntu 24.04.4 LTS
Time: Mon May  4 14:04:21 2026 +03 elapsed time: 7660.068008 seconds (0d 2h 7m 40s)

---------------  T H R E A D  ---------------

Current thread (0x00007e76b0137330):  JavaThread "Service Thread" daemon [_thread_in_vm, id=720638, stack(0x00007e7692700000,0x00007e7692800000) (1024K)]

Stack: [0x00007e7692700000,0x00007e7692800000],  sp=0x00007e76927febc0,  free space=1018k
Native frames: (J=compiled Java code, j=interpreted, Vv=VM code, C=native code)
V  [libjvm.so+0x100cb60]  SymbolTable::grow(JavaThread*)+0x4a0
V  [libjvm.so+0x100d4a1]  SymbolTable::do_concurrent_work(JavaThread*)+0xc1
V  [libjvm.so+0xf20d9b]  ServiceThread::service_thread_entry(JavaThread*, JavaThread*)+0x35b
V  [libjvm.so+0xa0abb8]  JavaThread::thread_main_inner() [clone .part.0]+0xb8
V  [libjvm.so+0x105e02f]  Thread::call_run()+0x9f
V  [libjvm.so+0xe470b6]  thread_native_entry(Thread*)+0xd6
C  [libc.so.6+0x9caa4]

siginfo: si_signo: 11 (SIGSEGV), si_code: 128 (SI_KERNEL), si_addr: 0x0000000000000000

Registers:
RAX=0x00007e76b0137330, RBX=0x04007e76b1157fa0, RCX=0x0000000000006ff8, RDX=0x0000000000000000
RSP=0x00007e76927febc0, RBP=0x00007e76927fecb0, RSI=0x00007e76b1289070, RDI=0x00007e76b1289070
R8 =0x00000007e76b222e, R9 =0x0000000000000007, R10=0x00007e76b222e070, R11=0x0000000000006ff8
R12=0x00007e76b0114de0, R13=0x04007e76b1157fa0, R14=0x00007e76b1288ff0, R15=0x00007e76b1468ed0
RIP=0x00007e76b900cb60, EFLAGS=0x0000000000010206, CSGSFS=0x002b000000000033, ERR=0x0000000000000000
  TRAPNO=0x000000000000000d

XMM[0]=0x0000000000000000 0x0000000000000000
XMM[1]=0x0000000000000000 0x000006f7719b5521
XMM[2]=0x0000000000000000 0x0000000000000000
XMM[3]=0x0000000000000000 0x0000000000000000
XMM[4]=0x0000000000000000 0x000000000000d7da
XMM[5]=0x00007e7668000ba0 0x0000000000100000
XMM[6]=0x00007e76b9b9cc17 0x00007e76927fee60
XMM[7]=0x00007e76b95c4600 0x0000000000000004
XMM[8]=0x0000000000000000 0x0000000000000000
XMM[9]=0x0000000000000005 0x0000000000000005
XMM[10]=0x0000000000000002 0x0000000000000002
XMM[11]=0xffffffffffffffff 0xffffffffffffffff
XMM[12]=0x0000000000000001 0x0000000000000001
XMM[13]=0x0000000000000000 0x0000000000000000
XMM[14]=0x0000000000000000 0x0000000000000000
XMM[15]=0x0000000000000000 0x0000000000000000
  MXCSR=0x00001fa2


Register to memory mapping:

RAX=0x00007e76b0137330 is a thread
RBX=0x04007e76b1157fa0 is an unknown value
RCX=0x0000000000006ff8 is an unknown value
RDX=0x0 is null
RSP=0x00007e76927febc0 is pointing into the stack for thread: 0x00007e76b0137330
RBP=0x00007e76927fecb0 is pointing into the stack for thread: 0x00007e76b0137330
RSI=0x00007e76b1289070 points into unknown readable memory: 0x687361482f6c6974 | 74 69 6c 2f 48 61 73 68
RDI=0x00007e76b1289070 points into unknown readable memory: 0x687361482f6c6974 | 74 69 6c 2f 48 61 73 68
R8 =0x00000007e76b222e is an unallocated location in the heap
R9 =0x0000000000000007 is an unknown value
R10=0x00007e76b222e070 points into unknown readable memory: 0x00007e715624659e | 9e 65 24 56 71 7e 00 00
R11=0x0000000000006ff8 is an unknown value
R12=0x00007e76b0114de0 points into unknown readable memory: 0x00007e76b0114e40 | 40 4e 11 b0 76 7e 00 00
R13=0x04007e76b1157fa0 is an unknown value
R14=0x00007e76b1288ff0 points into unknown readable memory: 0x04007e76b1157fa0 | a0 7f 15 b1 76 7e 00 04
R15=0x00007e76b1468ed0 points into unknown readable memory: 0x04007e76b1157fa0 | a0 7f 15 b1 76 7e 00 04

Top of Stack: (sp=0x00007e76927febc0)
0x00007e76927febc0:   00007e76927fec40 00007e76927fec18   @...v~......v~..
0x00007e76927febd0:   0000000000006ffc 0000000000037fc0   .o..............
0x00007e76927febe0:   0000000000077fc0 00007e76927fec00   ............v~..
0x00007e76927febf0:   000000000000eff8 00007e7668000c40   ........@..hv~..
0x00007e76927fec00:   0000000000006ff8 00007e76b0137330   .o......0s..v~..
0x00007e76927fec10:   00007e76b0114de0 0000000000006ffc   .M..v~...o......
0x00007e76927fec20:   0000000000008000 000000000000000c   ................
0x00007e76927fec30:   00007e76b963a200 00007e76b9115553   ..c.v~..SU..v~..
0x00007e76927fec40:   0000000000000100 0000000000000000   ................
0x00007e76927fec50:   0000000000000000 0000000000000000   ................
0x00007e76927fec60:   0000000000000000 00007e76b91f9c59   ........Y...v~..
0x00007e76927fec70:   0000000000000000 00007e76b0137330   ........0s..v~..
0x00007e76927fec80:   00007e76927fecd0 00007e76b0137330   ....v~..0s..v~..
0x00007e76927fec90:   0000000000000000 0000000000000000   ................
0x00007e76927feca0:   0000000000000001 0000000000000000   ................
0x00007e76927fecb0:   00007e76927fecd0 00007e76b900d4a1   ....v~......v~..
0x00007e76927fecc0:   0000000000000001 00007e76b0137330   ........0s..v~..
0x00007e76927fecd0:   00007e76927fed90 00007e76b8f20d9b   ....v~......v~..
0x00007e76927fece0:   00007e76b0137990 00007e76927fed20   .y..v~.. ...v~..
0x00007e76927fecf0:   00007e76927fed40 00007e76b01377b0   @...v~...w..v~..
0x00007e76927fed00:   00007e76b0137330 0000000000000000   0s..v~..........
0x00007e76927fed10:   00007e76b963a200 0000010000008dfd   ..c.v~..........
0x00007e76927fed20:   0000000716e1ceb8 cfdd9508d0b59500   ................
0x00007e76927fed30:   00007e76927fed60 00007e76b0137d30   `...v~..0}..v~..
0x00007e76927fed40:   00007e7600000000 00007e76b0138120   ....v~.. ...v~..
0x00007e76927fed50:   00007e76927fed90 00007e76b8e44e62   ....v~..bN..v~..
0x00007e76927fed60:   2065636976726553 00007e76b0137330   Service 0s..v~..
0x00007e76927fed70:   00007e76927fedc0 00007e76b0137cf0   ....v~...|..v~..
0x00007e76927fed80:   00007e76b0138120 00000000000003d8    ...v~..........
0x00007e76927fed90:   00007e76927fee30 00007e76b8a0abb8   0...v~......v~..
0x00007e76927feda0:   00007e76b0137d30 00007e76b0137d48   0}..v~..H}..v~..
0x00007e76927fedb0:   00007e7692700000 00007e76b0137d48   ..p.v~..H}..v~..

Instructions: (pc=0x00007e76b900cb60)
  0x00007e76b900ca60:   e8 2b 97 ca ff 49 8b 45 00 a8 01 75 1d 49 8b 55
  0x00007e76b900ca70:   00 48 83 e2 fc 48 89 d1 48 89 d0 48 83 c9 01 f0
  0x00007e76b900ca80:   49 0f b1 4d 00 48 39 c2 74 3e 41 83 c6 01 41 81
  0x00007e76b900ca90:   fe 00 20 00 00 75 c9 e8 a4 59 e4 ff 49 8b 45 00
  0x00007e76b900caa0:   45 31 f6 a8 01 74 c6 e8 e4 96 ca ff 49 8b 45 00
  0x00007e76b900cab0:   41 be 01 00 00 00 a8 01 74 b3 41 be 02 00 00 00
  0x00007e76b900cac0:   eb 9e 66 0f 1f 44 00 00 49 8b 44 24 10 49 8b 4d
  0x00007e76b900cad0:   00 4d 89 fb 48 8b 70 10 49 8b 44 24 18 48 8b 00
  0x00007e76b900cae0:   4c 01 fe 48 8d 3c f5 00 00 00 00 48 89 0c 18 49
  0x00007e76b900caf0:   8b 44 24 18 49 8b 4d 00 48 8b 00 48 89 0c f0 49
  0x00007e76b900cb00:   8b 45 00 48 83 c8 02 49 89 45 00 49 8b 44 24 10
  0x00007e76b900cb10:   49 8b 4c 24 18 48 8b 10 48 01 da 4c 8b 2a 49 83
  0x00007e76b900cb20:   fd 03 0f 86 14 01 00 00 4c 8b 31 4c 89 9d 50 ff
  0x00007e76b900cb30:   ff ff 49 83 e5 fc 48 89 b5 40 ff ff ff 48 89 bd
  0x00007e76b900cb40:   30 ff ff ff 4d 8d 3c 1e 49 01 fe 48 89 8d 48 ff
  0x00007e76b900cb50:   ff ff 48 89 9d 28 ff ff ff 4c 89 eb 0f 1f 40 00
=>0x00007e76b900cb60:   8b 43 08 66 85 c0 0f 84 d4 01 00 00 0f b6 05 b6
  0x00007e76b900cb70:   ae 63 00 0f b7 53 0c 48 8d 73 0e 84 c0 0f 85 a5
  0x00007e76b900cb80:   02 00 00 31 c0 85 d2 74 2d 8d 7a 0e 31 c0 48 01
  0x00007e76b900cb90:   df 66 66 2e 0f 1f 84 00 00 00 00 00 0f 1f 40 00
  0x00007e76b900cba0:   89 c2 48 83 c6 01 c1 e2 05 29 c2 0f b6 46 ff 01
  0x00007e76b900cbb0:   d0 48 39 fe 75 ea 4c 8b 2b 48 8b 8d 48 ff ff ff
  0x00007e76b900cbc0:   48 23 41 18 48 8b 8d 50 ff ff ff 48 39 c8 0f 84
  0x00007e76b900cbd0:   14 02 00 00 48 39 85 40 ff ff ff 0f 85 1d 03 00
  0x00007e76b900cbe0:   00 49 8b 17 4c 89 e8 48 83 e0 fc 83 e2 03 48 09
  0x00007e76b900cbf0:   d0 49 89 07 49 89 de f0 83 04 24 00 49 8b 44 24
  0x00007e76b900cc00:   50 4c 89 eb 48 39 85 58 ff ff ff 74 11 48 8b 85
  0x00007e76b900cc10:   58 ff ff ff 49 89 44 24 50 e8 d2 e4 95 ff 48 85
  0x00007e76b900cc20:   db 0f 85 39 ff ff ff 4c 8b 9d 50 ff ff ff 48 8b
  0x00007e76b900cc30:   bd 30 ff ff ff 48 8b 9d 28 ff ff ff 49 8b 44 24
  0x00007e76b900cc40:   18 48 03 18 48 8b 03 48 83 e0 fc 48 89 03 49 8b
  0x00007e76b900cc50:   44 24 18 48 03 38 48 8b 07 48 83 e0 fc 48 89 07


Stack slot to memory mapping:

stack at sp + 0 slots: 0x00007e76927fec40 is pointing into the stack for thread: 0x00007e76b0137330
stack at sp + 1 slots: 0x00007e76927fec18 is pointing into the stack for thread: 0x00007e76b0137330
stack at sp + 2 slots: 0x0000000000006ffc is an unknown value
stack at sp + 3 slots: 0x0000000000037fc0 is an unknown value
stack at sp + 4 slots: 0x0000000000077fc0 is an unknown value
stack at sp + 5 slots: 0x00007e76927fec00 is pointing into the stack for thread: 0x00007e76b0137330
stack at sp + 6 slots: 0x000000000000eff8 is an unknown value
stack at sp + 7 slots: 0x00007e7668000c40 points into unknown readable memory: 0x00007e766800ce20 | 20 ce 00 68 76 7e 00 00

Lock stack of current Java thread (top to bottom):


---------------  P R O C E S S  ---------------

Threads class SMR info:
_java_thread_list=0x00007e76604c3b00, length=38, elements={
0x00007e76b0132cb0, 0x00007e76b0133ea0, 0x00007e76b0135a10, 0x00007e76b0137330,
0x00007e76b0138bb0, 0x00007e76b013a560, 0x00007e76b0191470, 0x00007e76b094b590,
0x00007e76b094d340, 0x00007e76b158b090, 0x00007e7630271400, 0x00007e76b13eaae0,
0x00007e76b18c7010, 0x00007e76b18e3440, 0x00007e76b29d1940, 0x00007e76b29e0710,
0x00007e76b2a67fb0, 0x00007e76b2a69420, 0x00007e76b2a6a7a0, 0x00007e76b2a6ec60,
0x00007e76b2ab7ec0, 0x00007e76b2ab9220, 0x00007e76b2aba580, 0x00007e76b2abb8f0,
0x00007e76b2abcc60, 0x00007e76b2abe0c0, 0x00007e76b2abf7a0, 0x00007e76b2ac0c00,
0x00007e76b2ac2060, 0x00007e76b2ac4530, 0x00007e76b2ac6020, 0x00007e76b0031e10,
0x00007e75f8000f50, 0x00007e75ec000f50, 0x00007e75f4000f50, 0x00007e76604c0370,
0x00007e76604c1560, 0x00007e76604c2750
}

Java Threads: ( => current thread )
  0x00007e76b0132cb0 JavaThread "Reference Handler"          daemon [_thread_blocked, id=720633, stack(0x00007e7693bfd000,0x00007e7693cfd000) (1024K)]
  0x00007e76b0133ea0 JavaThread "Finalizer"                  daemon [_thread_blocked, id=720634, stack(0x00007e7692900000,0x00007e7692a00000) (1024K)]
  0x00007e76b0135a10 JavaThread "Signal Dispatcher"          daemon [_thread_blocked, id=720636, stack(0x00007e7692800000,0x00007e7692900000) (1024K)]
=>0x00007e76b0137330 JavaThread "Service Thread"             daemon [_thread_in_vm, id=720638, stack(0x00007e7692700000,0x00007e7692800000) (1024K)]
  0x00007e76b0138bb0 JavaThread "Monitor Deflation Thread"   daemon [_thread_blocked, id=720639, stack(0x00007e7692600000,0x00007e7692700000) (1024K)]
  0x00007e76b013a560 JavaThread "C1 CompilerThread0"         daemon [_thread_blocked, id=720641, stack(0x00007e7692500000,0x00007e7692600000) (1024K)]
  0x00007e76b0191470 JavaThread "Common-Cleaner"             daemon [_thread_blocked, id=720650, stack(0x00007e7692200000,0x00007e7692300000) (1024K)]
  0x00007e76b094b590 JavaThread "Monitor Ctrl-Break"         daemon [_thread_in_native, id=720652, stack(0x00007e7692100000,0x00007e7692200000) (1024K)]
  0x00007e76b094d340 JavaThread "Notification Thread"        daemon [_thread_blocked, id=720653, stack(0x00007e7692000000,0x00007e7692100000) (1024K)]
  0x00007e76b158b090 JavaThread "Catalina-utility-1"                [_thread_blocked, id=720677, stack(0x00007e76918fb000,0x00007e76919fb000) (1024K)]
  0x00007e7630271400 JavaThread "Catalina-utility-2"                [_thread_blocked, id=720678, stack(0x00007e76911f5000,0x00007e76912f5000) (1024K)]
  0x00007e76b13eaae0 JavaThread "container-0"                       [_thread_blocked, id=720679, stack(0x00007e76910f5000,0x00007e76911f5000) (1024K)]
  0x00007e76b18c7010 JavaThread "Cleaner-0"                  daemon [_thread_blocked, id=720680, stack(0x00007e7690ff5000,0x00007e76910f5000) (1024K)]
  0x00007e76b18e3440 JavaThread "HikariPool-1:housekeeper"   daemon [_thread_blocked, id=720681, stack(0x00007e7690ef5000,0x00007e7690ff5000) (1024K)]
  0x00007e76b29d1940 JavaThread "spectator-gauge-polling-0"  daemon [_thread_blocked, id=720687, stack(0x00007e7690bf5000,0x00007e7690cf5000) (1024K)]
  0x00007e76b29e0710 JavaThread "AsyncResolver-bootstrap-%d" daemon [_thread_blocked, id=720688, stack(0x00007e7690af5000,0x00007e7690bf5000) (1024K)]
  0x00007e76b2a67fb0 JavaThread "DiscoveryClient-%d"         daemon [_thread_blocked, id=720689, stack(0x00007e76909f5000,0x00007e7690af5000) (1024K)]
  0x00007e76b2a69420 JavaThread "DiscoveryClient-%d"         daemon [_thread_blocked, id=720690, stack(0x00007e76908f5000,0x00007e76909f5000) (1024K)]
  0x00007e76b2a6a7a0 JavaThread "DiscoveryClient-InstanceInfoReplicator-%d" daemon [_thread_blocked, id=720691, stack(0x00007e76907f5000,0x00007e76908f5000) (1024K)]
  0x00007e76b2a6ec60 JavaThread "http-nio-8090-exec-1"       daemon [_thread_blocked, id=720692, stack(0x00007e76906f5000,0x00007e76907f5000) (1024K)]
  0x00007e76b2ab7ec0 JavaThread "http-nio-8090-exec-2"       daemon [_thread_blocked, id=720693, stack(0x00007e76905f5000,0x00007e76906f5000) (1024K)]
  0x00007e76b2ab9220 JavaThread "http-nio-8090-exec-3"       daemon [_thread_blocked, id=720694, stack(0x00007e76904f5000,0x00007e76905f5000) (1024K)]
  0x00007e76b2aba580 JavaThread "http-nio-8090-exec-4"       daemon [_thread_blocked, id=720695, stack(0x00007e76903f5000,0x00007e76904f5000) (1024K)]
  0x00007e76b2abb8f0 JavaThread "http-nio-8090-exec-5"       daemon [_thread_blocked, id=720696, stack(0x00007e76902f5000,0x00007e76903f5000) (1024K)]
  0x00007e76b2abcc60 JavaThread "http-nio-8090-exec-6"       daemon [_thread_blocked, id=720697, stack(0x00007e76901f5000,0x00007e76902f5000) (1024K)]
  0x00007e76b2abe0c0 JavaThread "http-nio-8090-exec-7"       daemon [_thread_blocked, id=720698, stack(0x00007e76900f5000,0x00007e76901f5000) (1024K)]
  0x00007e76b2abf7a0 JavaThread "http-nio-8090-exec-8"       daemon [_thread_blocked, id=720699, stack(0x00007e75d3f00000,0x00007e75d4000000) (1024K)]
  0x00007e76b2ac0c00 JavaThread "http-nio-8090-exec-9"       daemon [_thread_blocked, id=720700, stack(0x00007e75d3e00000,0x00007e75d3f00000) (1024K)]
  0x00007e76b2ac2060 JavaThread "http-nio-8090-exec-10"      daemon [_thread_blocked, id=720701, stack(0x00007e75d3d00000,0x00007e75d3e00000) (1024K)]
  0x00007e76b2ac4530 JavaThread "http-nio-8090-Poller"       daemon [_thread_in_native, id=720702, stack(0x00007e75d3c00000,0x00007e75d3d00000) (1024K)]
  0x00007e76b2ac6020 JavaThread "http-nio-8090-Acceptor"     daemon [_thread_in_native, id=720703, stack(0x00007e75d3b00000,0x00007e75d3c00000) (1024K)]
  0x00007e76b0031e10 JavaThread "DestroyJavaVM"                     [_thread_blocked, id=720612, stack(0x00007e76b9700000,0x00007e76b9800000) (1024K)]
  0x00007e75f8000f50 JavaThread "DiscoveryClient-CacheRefreshExecutor-%d" daemon [_thread_blocked, id=720827, stack(0x00007e7692400000,0x00007e7692500000) (1024K)]
  0x00007e75ec000f50 JavaThread "DiscoveryClient-HeartbeatExecutor-%d" daemon [_thread_blocked, id=720828, stack(0x00007e7692300000,0x00007e7692400000) (1024K)]
  0x00007e75f4000f50 JavaThread "AsyncResolver-bootstrap-executor-%d" daemon [_thread_blocked, id=721193, stack(0x00007e7691f00000,0x00007e7692000000) (1024K)]
  0x00007e76604c0370 JavaThread "C1 CompilerThread1"         daemon [_thread_blocked, id=734861, stack(0x00007e7690df5000,0x00007e7690ef5000) (1024K)]
  0x00007e76604c1560 JavaThread "C1 CompilerThread2"         daemon [_thread_blocked, id=734862, stack(0x00007e7690cf5000,0x00007e7690df5000) (1024K)]
  0x00007e76604c2750 JavaThread "C1 CompilerThread3"         daemon [_thread_blocked, id=734863, stack(0x00007e75d3900000,0x00007e75d3a00000) (1024K)]
Total: 38

Other Threads:
  0x00007e76b0129260 VMThread "VM Thread"                           [id=720631, stack(0x00007e7693cfe000,0x00007e7693dfe000) (1024K)]
  0x00007e76b0118e40 WatcherThread "VM Periodic Task Thread"        [id=720630, stack(0x00007e7693afc000,0x00007e7693bfc000) (1024K)]
  0x00007e76b009b900 WorkerThread "GC Thread#0"                     [id=720614, stack(0x00007e76b4475000,0x00007e76b4575000) (1024K)]
  0x00007e7688009810 WorkerThread "GC Thread#1"                     [id=720657, stack(0x00007e7691e00000,0x00007e7691f00000) (1024K)]
  0x00007e768800a370 WorkerThread "GC Thread#2"                     [id=720658, stack(0x00007e7691cff000,0x00007e7691dff000) (1024K)]
  0x00007e768800aed0 WorkerThread "GC Thread#3"                     [id=720659, stack(0x00007e7691bfe000,0x00007e7691cfe000) (1024K)]
  0x00007e768800bc00 WorkerThread "GC Thread#4"                     [id=720660, stack(0x00007e7691afd000,0x00007e7691bfd000) (1024K)]
  0x00007e768800c980 WorkerThread "GC Thread#5"                     [id=720661, stack(0x00007e76919fc000,0x00007e7691afc000) (1024K)]
  0x00007e76880162e0 WorkerThread "GC Thread#6"                     [id=720670, stack(0x00007e76917fb000,0x00007e76918fb000) (1024K)]
  0x00007e7688017280 WorkerThread "GC Thread#7"                     [id=720671, stack(0x00007e76916fa000,0x00007e76917fa000) (1024K)]
  0x00007e76880182f0 WorkerThread "GC Thread#8"                     [id=720672, stack(0x00007e76915f9000,0x00007e76916f9000) (1024K)]
  0x00007e7688019350 WorkerThread "GC Thread#9"                     [id=720673, stack(0x00007e76914f8000,0x00007e76915f8000) (1024K)]
  0x00007e76b00b4690 ConcurrentGCThread "G1 Main Marker"            [id=720616, stack(0x00007e76b4374000,0x00007e76b4474000) (1024K)]
  0x00007e76b00b5860 WorkerThread "G1 Conc#0"                       [id=720618, stack(0x00007e76b4273000,0x00007e76b4373000) (1024K)]
  0x00007e7694000cd0 WorkerThread "G1 Conc#1"                       [id=720674, stack(0x00007e76913f7000,0x00007e76914f7000) (1024K)]
  0x00007e76940019f0 WorkerThread "G1 Conc#2"                       [id=720675, stack(0x00007e76912f6000,0x00007e76913f6000) (1024K)]
  0x00007e76b0109120 ConcurrentGCThread "G1 Refine#0"               [id=720619, stack(0x00007e7693f00000,0x00007e7694000000) (1024K)]
  0x00007e76b010a310 ConcurrentGCThread "G1 Service"                [id=720620, stack(0x00007e7693dff000,0x00007e7693eff000) (1024K)]
Total: 18

Threads with active compile tasks:
Total: 0

VM state: not at safepoint (normal execution)

VM Mutex/Monitor currently owned by a thread: None

Heap address: 0x0000000707600000, size: 3978 MB, Compressed Oops mode: Zero based, Oop shift amount: 3

CDS archive(s) mapped at: [0x0000000022000000-0x0000000022d8d000-0x0000000022d8d000), size 14209024, SharedBaseAddress: 0x0000000022000000, ArchiveRelocationMode: 1.
Compressed class space mapped at: 0x0000000023000000-0x0000000063000000, reserved size: 1073741824
UseCompressedClassPointers 1, UseCompactObjectHeaders 0
Narrow klass pointer bits 32, Max shift 3
Narrow klass base: 0x0000000022000000, Narrow klass shift: 0
Encoding Range: [0x0000000022000000 - 0x0000000122000000), (4294967296 bytes)
Klass Range:    [0x0000000022001000 - 0x0000000063000000), (1090514944 bytes)
Klass ID Range:  [4096 - 1090519033) (1090514937)
Protection zone: [0x0000000022000000 - 0x0000000022001000), (4096 bytes)

GC Precious Log:
 CardTable entry size: 512
 Card Set container configuration: InlinePtr #cards 4 size 8 Array Of Cards #cards 16 size 48 Howl #buckets 8 coarsen threshold 3686 Howl Bitmap #cards 512 size 80 coarsen threshold 460 Card regions per heap region 1 cards per card region 4096
 CPUs: 12 total, 12 available
 Memory: 15911M
 Large Page Support: Disabled
 NUMA Support: Disabled
 Compressed Oops: Enabled (Zero based)
 Heap Region Size: 2M
 Heap Min Capacity: 8M
 Heap Initial Capacity: 250M
 Heap Max Capacity: 3978M
 Pre-touch: Disabled
 Parallel Workers: 10
 Concurrent Workers: 3
 Concurrent Refinement Workers: 10
 Periodic GC: Disabled

Heap:
 garbage-first heap   total reserved 4073472K, committed 235520K, used 97243K [0x0000000707600000, 0x0000000800000000)
  region size 2048K, 6 young (12288K), 5 survivors (10240K)

Heap Regions: E=young(eden), S=young(survivor), O=old, HS=humongous(starts), HC=humongous(continues), CS=collection set, F=free, TAMS=top-at-mark-start, PB=parsable bottom
|   0|0x0000000707600000, 0x0000000707800000, 0x0000000707800000|100%| O|  |TAMS 0x0000000707600000| PB 0x0000000707600000| Untracked |  0
|   1|0x0000000707800000, 0x0000000707a00000, 0x0000000707a00000|100%| O|  |TAMS 0x0000000707800000| PB 0x0000000707800000| Untracked |  0
|   2|0x0000000707a00000, 0x0000000707c00000, 0x0000000707c00000|100%| O|  |TAMS 0x0000000707a00000| PB 0x0000000707a00000| Untracked |  0
|   3|0x0000000707c00000, 0x0000000707e00000, 0x0000000707e00000|100%| O|Cm|TAMS 0x0000000707c00000| PB 0x0000000707c00000| Complete |  0
|   4|0x0000000707e00000, 0x0000000708000000, 0x0000000708000000|100%| O|  |TAMS 0x0000000707e00000| PB 0x0000000707e00000| Untracked |  0
|   5|0x0000000708000000, 0x0000000708200000, 0x0000000708200000|100%| O|  |TAMS 0x0000000708000000| PB 0x0000000708000000| Untracked |  0
|   6|0x0000000708200000, 0x0000000708400000, 0x0000000708400000|100%| O|  |TAMS 0x0000000708200000| PB 0x0000000708200000| Untracked |  0
|   7|0x0000000708400000, 0x0000000708600000, 0x0000000708600000|100%| O|  |TAMS 0x0000000708400000| PB 0x0000000708400000| Untracked |  0
|   8|0x0000000708600000, 0x0000000708800000, 0x0000000708800000|100%| O|  |TAMS 0x0000000708600000| PB 0x0000000708600000| Untracked |  0
|   9|0x0000000708800000, 0x0000000708a00000, 0x0000000708a00000|100%| O|  |TAMS 0x0000000708800000| PB 0x0000000708800000| Untracked |  0
|  10|0x0000000708a00000, 0x0000000708c00000, 0x0000000708c00000|100%| O|  |TAMS 0x0000000708a00000| PB 0x0000000708a00000| Untracked |  0
|  11|0x0000000708c00000, 0x0000000708e00000, 0x0000000708e00000|100%| O|  |TAMS 0x0000000708c00000| PB 0x0000000708c00000| Untracked |  0
|  12|0x0000000708e00000, 0x0000000709000000, 0x0000000709000000|100%| O|Cm|TAMS 0x0000000708e00000| PB 0x0000000708e00000| Complete |  0
|  13|0x0000000709000000, 0x0000000709200000, 0x0000000709200000|100%| O|Cm|TAMS 0x0000000709000000| PB 0x0000000709000000| Complete |  0
|  14|0x0000000709200000, 0x0000000709400000, 0x0000000709400000|100%| O|  |TAMS 0x0000000709200000| PB 0x0000000709200000| Untracked |  0
|  15|0x0000000709400000, 0x0000000709600000, 0x0000000709600000|100%| O|  |TAMS 0x0000000709400000| PB 0x0000000709400000| Untracked |  0
|  16|0x0000000709600000, 0x0000000709800000, 0x0000000709800000|100%| O|Cm|TAMS 0x0000000709600000| PB 0x0000000709600000| Complete |  0
|  17|0x0000000709800000, 0x0000000709a00000, 0x0000000709a00000|100%| O|  |TAMS 0x0000000709800000| PB 0x0000000709800000| Untracked |  0
|  18|0x0000000709a00000, 0x0000000709c00000, 0x0000000709c00000|100%| O|  |TAMS 0x0000000709a00000| PB 0x0000000709a00000| Untracked |  0
|  19|0x0000000709c00000, 0x0000000709e00000, 0x0000000709e00000|100%| O|Cm|TAMS 0x0000000709c00000| PB 0x0000000709c00000| Complete |  0
|  20|0x0000000709e00000, 0x000000070a000000, 0x000000070a000000|100%| O|Cm|TAMS 0x0000000709e00000| PB 0x0000000709e00000| Complete |  0
|  21|0x000000070a000000, 0x000000070a200000, 0x000000070a200000|100%| O|  |TAMS 0x000000070a000000| PB 0x000000070a000000| Untracked |  0
|  22|0x000000070a200000, 0x000000070a400000, 0x000000070a400000|100%| O|  |TAMS 0x000000070a200000| PB 0x000000070a200000| Untracked |  0
|  23|0x000000070a400000, 0x000000070a600000, 0x000000070a600000|100%| O|  |TAMS 0x000000070a400000| PB 0x000000070a400000| Untracked |  0
|  24|0x000000070a600000, 0x000000070a800000, 0x000000070a800000|100%| O|  |TAMS 0x000000070a600000| PB 0x000000070a600000| Untracked |  0
|  25|0x000000070a800000, 0x000000070aa00000, 0x000000070aa00000|100%| O|  |TAMS 0x000000070a800000| PB 0x000000070a800000| Untracked |  0
|  26|0x000000070aa00000, 0x000000070ac00000, 0x000000070ac00000|100%| O|  |TAMS 0x000000070aa00000| PB 0x000000070aa00000| Untracked |  0
|  27|0x000000070ac00000, 0x000000070ae00000, 0x000000070ae00000|100%| O|  |TAMS 0x000000070ac00000| PB 0x000000070ac00000| Untracked |  0
|  28|0x000000070ae00000, 0x000000070b000000, 0x000000070b000000|100%| O|  |TAMS 0x000000070ae00000| PB 0x000000070ae00000| Untracked |  0
|  29|0x000000070b000000, 0x000000070b200000, 0x000000070b200000|100%| O|  |TAMS 0x000000070b000000| PB 0x000000070b000000| Untracked |  0
|  30|0x000000070b200000, 0x000000070b400000, 0x000000070b400000|100%| O|  |TAMS 0x000000070b200000| PB 0x000000070b200000| Untracked |  0
|  31|0x000000070b400000, 0x000000070b600000, 0x000000070b600000|100%| O|  |TAMS 0x000000070b400000| PB 0x000000070b400000| Untracked |  0
|  32|0x000000070b600000, 0x000000070b800000, 0x000000070b800000|100%| O|  |TAMS 0x000000070b600000| PB 0x000000070b600000| Untracked |  0
|  33|0x000000070b800000, 0x000000070ba00000, 0x000000070ba00000|100%| O|Cm|TAMS 0x000000070b800000| PB 0x000000070b800000| Complete |  0
|  34|0x000000070ba00000, 0x000000070bc00000, 0x000000070bc00000|100%| O|  |TAMS 0x000000070ba00000| PB 0x000000070ba00000| Untracked |  0
|  35|0x000000070bc00000, 0x000000070bcece00, 0x000000070be00000| 46%| O|  |TAMS 0x000000070bc00000| PB 0x000000070bc00000| Untracked |  0
|  36|0x000000070be00000, 0x000000070be00000, 0x000000070c000000|  0%| F|  |TAMS 0x000000070be00000| PB 0x000000070be00000| Untracked |  0
|  37|0x000000070c000000, 0x000000070c000000, 0x000000070c200000|  0%| F|  |TAMS 0x000000070c000000| PB 0x000000070c000000| Untracked |  0
|  38|0x000000070c200000, 0x000000070c400000, 0x000000070c400000|100%| O|Cm|TAMS 0x000000070c200000| PB 0x000000070c200000| Complete |  0
|  39|0x000000070c400000, 0x000000070c600000, 0x000000070c600000|100%| O|Cm|TAMS 0x000000070c400000| PB 0x000000070c400000| Complete |  0
|  40|0x000000070c600000, 0x000000070c600000, 0x000000070c800000|  0%| F|  |TAMS 0x000000070c600000| PB 0x000000070c600000| Untracked |  0
|  41|0x000000070c800000, 0x000000070c800000, 0x000000070ca00000|  0%| F|  |TAMS 0x000000070c800000| PB 0x000000070c800000| Untracked |  0
|  42|0x000000070ca00000, 0x000000070cc00000, 0x000000070cc00000|100%| O|Cm|TAMS 0x000000070ca00000| PB 0x000000070ca00000| Complete |  0
|  43|0x000000070cc00000, 0x000000070ce00000, 0x000000070ce00000|100%| O|Cm|TAMS 0x000000070cc00000| PB 0x000000070cc00000| Complete |  0
|  44|0x000000070ce00000, 0x000000070ce00000, 0x000000070d000000|  0%| F|  |TAMS 0x000000070ce00000| PB 0x000000070ce00000| Untracked |  0
|  45|0x000000070d000000, 0x000000070d000000, 0x000000070d200000|  0%| F|  |TAMS 0x000000070d000000| PB 0x000000070d000000| Untracked |  0
|  46|0x000000070d200000, 0x000000070d400000, 0x000000070d400000|100%| O|Cm|TAMS 0x000000070d200000| PB 0x000000070d200000| Complete |  0
|  47|0x000000070d400000, 0x000000070d400000, 0x000000070d600000|  0%| F|  |TAMS 0x000000070d400000| PB 0x000000070d400000| Untracked |  0
|  48|0x000000070d600000, 0x000000070d600000, 0x000000070d800000|  0%| F|  |TAMS 0x000000070d600000| PB 0x000000070d600000| Untracked |  0
|  49|0x000000070d800000, 0x000000070d800000, 0x000000070da00000|  0%| F|  |TAMS 0x000000070d800000| PB 0x000000070d800000| Untracked |  0
|  50|0x000000070da00000, 0x000000070da00000, 0x000000070dc00000|  0%| F|  |TAMS 0x000000070da00000| PB 0x000000070da00000| Untracked |  0
|  51|0x000000070dc00000, 0x000000070de00000, 0x000000070de00000|100%| O|  |TAMS 0x000000070dc00000| PB 0x000000070dc00000| Untracked |  0
|  52|0x000000070de00000, 0x000000070e000000, 0x000000070e000000|100%| O|  |TAMS 0x000000070de00000| PB 0x000000070de00000| Untracked |  0
|  53|0x000000070e000000, 0x000000070e200000, 0x000000070e200000|100%| O|  |TAMS 0x000000070e000000| PB 0x000000070e000000| Untracked |  0
|  54|0x000000070e200000, 0x000000070e200000, 0x000000070e400000|  0%| F|  |TAMS 0x000000070e200000| PB 0x000000070e200000| Untracked |  0
|  55|0x000000070e400000, 0x000000070e400000, 0x000000070e600000|  0%| F|  |TAMS 0x000000070e400000| PB 0x000000070e400000| Untracked |  0
|  56|0x000000070e600000, 0x000000070e600000, 0x000000070e800000|  0%| F|  |TAMS 0x000000070e600000| PB 0x000000070e600000| Untracked |  0
|  57|0x000000070e800000, 0x000000070e800000, 0x000000070ea00000|  0%| F|  |TAMS 0x000000070e800000| PB 0x000000070e800000| Untracked |  0
|  58|0x000000070ea00000, 0x000000070ea00000, 0x000000070ec00000|  0%| F|  |TAMS 0x000000070ea00000| PB 0x000000070ea00000| Untracked |  0
|  59|0x000000070ec00000, 0x000000070ec00000, 0x000000070ee00000|  0%| F|  |TAMS 0x000000070ec00000| PB 0x000000070ec00000| Untracked |  0
|  60|0x000000070ee00000, 0x000000070ee00000, 0x000000070f000000|  0%| F|  |TAMS 0x000000070ee00000| PB 0x000000070ee00000| Untracked |  0
|  61|0x000000070f000000, 0x000000070f000000, 0x000000070f200000|  0%| F|  |TAMS 0x000000070f000000| PB 0x000000070f000000| Untracked |  0
|  62|0x000000070f200000, 0x000000070f200000, 0x000000070f400000|  0%| F|  |TAMS 0x000000070f200000| PB 0x000000070f200000| Untracked |  0
|  63|0x000000070f400000, 0x000000070f400000, 0x000000070f600000|  0%| F|  |TAMS 0x000000070f400000| PB 0x000000070f400000| Untracked |  0
|  64|0x000000070f600000, 0x000000070f600000, 0x000000070f800000|  0%| F|  |TAMS 0x000000070f600000| PB 0x000000070f600000| Untracked |  0
|  65|0x000000070f800000, 0x000000070f800000, 0x000000070fa00000|  0%| F|  |TAMS 0x000000070f800000| PB 0x000000070f800000| Untracked |  0
|  66|0x000000070fa00000, 0x000000070fa00000, 0x000000070fc00000|  0%| F|  |TAMS 0x000000070fa00000| PB 0x000000070fa00000| Untracked |  0
|  67|0x000000070fc00000, 0x000000070fc00000, 0x000000070fe00000|  0%| F|  |TAMS 0x000000070fc00000| PB 0x000000070fc00000| Untracked |  0
|  68|0x000000070fe00000, 0x000000070fe00000, 0x0000000710000000|  0%| F|  |TAMS 0x000000070fe00000| PB 0x000000070fe00000| Untracked |  0
|  69|0x0000000710000000, 0x0000000710000000, 0x0000000710200000|  0%| F|  |TAMS 0x0000000710000000| PB 0x0000000710000000| Untracked |  0
|  70|0x0000000710200000, 0x0000000710200000, 0x0000000710400000|  0%| F|  |TAMS 0x0000000710200000| PB 0x0000000710200000| Untracked |  0
|  71|0x0000000710400000, 0x0000000710400000, 0x0000000710600000|  0%| F|  |TAMS 0x0000000710400000| PB 0x0000000710400000| Untracked |  0
|  72|0x0000000710600000, 0x0000000710600000, 0x0000000710800000|  0%| F|  |TAMS 0x0000000710600000| PB 0x0000000710600000| Untracked |  0
|  73|0x0000000710800000, 0x0000000710800000, 0x0000000710a00000|  0%| F|  |TAMS 0x0000000710800000| PB 0x0000000710800000| Untracked |  0
|  74|0x0000000710a00000, 0x0000000710a00000, 0x0000000710c00000|  0%| F|  |TAMS 0x0000000710a00000| PB 0x0000000710a00000| Untracked |  0
|  75|0x0000000710c00000, 0x0000000710c00000, 0x0000000710e00000|  0%| F|  |TAMS 0x0000000710c00000| PB 0x0000000710c00000| Untracked |  0
|  76|0x0000000710e00000, 0x0000000710e09e50, 0x0000000711000000|  1%| S|CS|TAMS 0x0000000710e00000| PB 0x0000000710e00000| Complete |  0
|  77|0x0000000711000000, 0x0000000711200000, 0x0000000711200000|100%| S|CS|TAMS 0x0000000711000000| PB 0x0000000711000000| Complete |  0
|  78|0x0000000711200000, 0x0000000711400000, 0x0000000711400000|100%| S|CS|TAMS 0x0000000711200000| PB 0x0000000711200000| Complete |  0
|  79|0x0000000711400000, 0x0000000711600000, 0x0000000711600000|100%| S|CS|TAMS 0x0000000711400000| PB 0x0000000711400000| Complete |  0
|  80|0x0000000711600000, 0x0000000711800000, 0x0000000711800000|100%| S|CS|TAMS 0x0000000711600000| PB 0x0000000711600000| Complete |  0
|  81|0x0000000711800000, 0x0000000711800000, 0x0000000711a00000|  0%| F|  |TAMS 0x0000000711800000| PB 0x0000000711800000| Untracked |  0
|  82|0x0000000711a00000, 0x0000000711a00000, 0x0000000711c00000|  0%| F|  |TAMS 0x0000000711a00000| PB 0x0000000711a00000| Untracked |  0
|  83|0x0000000711c00000, 0x0000000711c00000, 0x0000000711e00000|  0%| F|  |TAMS 0x0000000711c00000| PB 0x0000000711c00000| Untracked |  0
|  84|0x0000000711e00000, 0x0000000711e00000, 0x0000000712000000|  0%| F|  |TAMS 0x0000000711e00000| PB 0x0000000711e00000| Untracked |  0
|  85|0x0000000712000000, 0x0000000712000000, 0x0000000712200000|  0%| F|  |TAMS 0x0000000712000000| PB 0x0000000712000000| Untracked |  0
|  86|0x0000000712200000, 0x0000000712200000, 0x0000000712400000|  0%| F|  |TAMS 0x0000000712200000| PB 0x0000000712200000| Untracked |  0
|  87|0x0000000712400000, 0x0000000712400000, 0x0000000712600000|  0%| F|  |TAMS 0x0000000712400000| PB 0x0000000712400000| Untracked |  0
|  88|0x0000000712600000, 0x0000000712600000, 0x0000000712800000|  0%| F|  |TAMS 0x0000000712600000| PB 0x0000000712600000| Untracked |  0
|  89|0x0000000712800000, 0x0000000712800000, 0x0000000712a00000|  0%| F|  |TAMS 0x0000000712800000| PB 0x0000000712800000| Untracked |  0
|  90|0x0000000712a00000, 0x0000000712a00000, 0x0000000712c00000|  0%| F|  |TAMS 0x0000000712a00000| PB 0x0000000712a00000| Untracked |  0
|  91|0x0000000712c00000, 0x0000000712c00000, 0x0000000712e00000|  0%| F|  |TAMS 0x0000000712c00000| PB 0x0000000712c00000| Untracked |  0
|  92|0x0000000712e00000, 0x0000000712e00000, 0x0000000713000000|  0%| F|  |TAMS 0x0000000712e00000| PB 0x0000000712e00000| Untracked |  0
|  93|0x0000000713000000, 0x0000000713000000, 0x0000000713200000|  0%| F|  |TAMS 0x0000000713000000| PB 0x0000000713000000| Untracked |  0
|  94|0x0000000713200000, 0x0000000713200000, 0x0000000713400000|  0%| F|  |TAMS 0x0000000713200000| PB 0x0000000713200000| Untracked |  0
|  95|0x0000000713400000, 0x0000000713400000, 0x0000000713600000|  0%| F|  |TAMS 0x0000000713400000| PB 0x0000000713400000| Untracked |  0
|  96|0x0000000713600000, 0x0000000713600000, 0x0000000713800000|  0%| F|  |TAMS 0x0000000713600000| PB 0x0000000713600000| Untracked |  0
|  97|0x0000000713800000, 0x0000000713800000, 0x0000000713a00000|  0%| F|  |TAMS 0x0000000713800000| PB 0x0000000713800000| Untracked |  0
|  98|0x0000000713a00000, 0x0000000713a00000, 0x0000000713c00000|  0%| F|  |TAMS 0x0000000713a00000| PB 0x0000000713a00000| Untracked |  0
|  99|0x0000000713c00000, 0x0000000713c00000, 0x0000000713e00000|  0%| F|  |TAMS 0x0000000713c00000| PB 0x0000000713c00000| Untracked |  0
| 100|0x0000000713e00000, 0x0000000713e00000, 0x0000000714000000|  0%| F|  |TAMS 0x0000000713e00000| PB 0x0000000713e00000| Untracked |  0
| 101|0x0000000714000000, 0x0000000714000000, 0x0000000714200000|  0%| F|  |TAMS 0x0000000714000000| PB 0x0000000714000000| Untracked |  0
| 102|0x0000000714200000, 0x0000000714200000, 0x0000000714400000|  0%| F|  |TAMS 0x0000000714200000| PB 0x0000000714200000| Untracked |  0
| 103|0x0000000714400000, 0x0000000714400000, 0x0000000714600000|  0%| F|  |TAMS 0x0000000714400000| PB 0x0000000714400000| Untracked |  0
| 104|0x0000000714600000, 0x0000000714600000, 0x0000000714800000|  0%| F|  |TAMS 0x0000000714600000| PB 0x0000000714600000| Untracked |  0
| 105|0x0000000714800000, 0x0000000714800000, 0x0000000714a00000|  0%| F|  |TAMS 0x0000000714800000| PB 0x0000000714800000| Untracked |  0
| 106|0x0000000714a00000, 0x0000000714a00000, 0x0000000714c00000|  0%| F|  |TAMS 0x0000000714a00000| PB 0x0000000714a00000| Untracked |  0
| 107|0x0000000714c00000, 0x0000000714c00000, 0x0000000714e00000|  0%| F|  |TAMS 0x0000000714c00000| PB 0x0000000714c00000| Untracked |  0
| 124|0x0000000716e00000, 0x0000000716e00000, 0x0000000717000000|  0%| F|  |TAMS 0x0000000716e00000| PB 0x0000000716e00000| Untracked |  0
|1983|0x00000007ff400000, 0x00000007ff400000, 0x00000007ff600000|  0%| F|  |TAMS 0x00000007ff400000| PB 0x00000007ff400000| Untracked |  0
|1984|0x00000007ff600000, 0x00000007ff600000, 0x00000007ff800000|  0%| F|  |TAMS 0x00000007ff600000| PB 0x00000007ff600000| Untracked |  0
|1985|0x00000007ff800000, 0x00000007ff800000, 0x00000007ffa00000|  0%| F|  |TAMS 0x00000007ff800000| PB 0x00000007ff800000| Untracked |  0
|1986|0x00000007ffa00000, 0x00000007ffa00000, 0x00000007ffc00000|  0%| F|  |TAMS 0x00000007ffa00000| PB 0x00000007ffa00000| Untracked |  0
|1987|0x00000007ffc00000, 0x00000007ffc00000, 0x00000007ffe00000|  0%| F|  |TAMS 0x00000007ffc00000| PB 0x00000007ffc00000| Untracked |  0
|1988|0x00000007ffe00000, 0x00000007fffafa20, 0x0000000800000000| 84%| E|  |TAMS 0x00000007ffe00000| PB 0x00000007ffe00000| Complete |  0

Card table byte_map: [0x00007e76a6676000,0x00007e76a6e3b000] _byte_map_base: 0x00007e76a2e3b000

Marking Bits: (CMBitMap*) 0x00007e76b009c650
 Bits: [0x00007e76a284e000, 0x00007e76a6676000)

Polling page: 0x00007e76b9b6b000

Metaspace:
Metaspace        used 109109K, committed 110144K, reserved 1179648K
 class space     used 16455K, committed 16896K, reserved 1048576K

Usage:
  Non-class:     90,48 MB used.
      Class:     16,07 MB used.
       Both:    106,55 MB used.

Virtual space:
  Non-class space:      128,00 MB reserved,      91,06 MB ( 71%) committed,  2 nodes.
      Class space:        1,00 GB reserved,      16,50 MB (  2%) committed,  1 nodes.
             Both:        1,12 GB reserved,     107,56 MB (  9%) committed. 

Chunk freelists:
   Non-Class:  4,87 MB
       Class:  15,62 MB
        Both:  20,49 MB

MaxMetaspaceSize: unlimited
CompressedClassSpaceSize: 1,00 GB
Initial GC threshold: 21,00 MB
Current GC threshold: 179,31 MB
CDS: on
 - commit_granule_bytes: 65536.
 - commit_granule_words: 8192.
 - virtual_space_node_default_size: 8388608.
 - enlarge_chunks_in_place: 1.
UseCompressedClassPointers 1, UseCompactObjectHeaders 0
Narrow klass pointer bits 32, Max shift 3
Narrow klass base: 0x0000000022000000, Narrow klass shift: 0
Encoding Range: [0x0000000022000000 - 0x0000000122000000), (4294967296 bytes)
Klass Range:    [0x0000000022001000 - 0x0000000063000000), (1090514944 bytes)
Klass ID Range:  [4096 - 1090519033) (1090514937)
Protection zone: [0x0000000022000000 - 0x0000000022001000), (4096 bytes)


Internal statistics:

num_allocs_failed_limit: 9.
num_arena_births: 1386.
num_arena_deaths: 180.
num_vsnodes_births: 3.
num_vsnodes_deaths: 0.
num_space_committed: 1721.
num_space_uncommitted: 0.
num_chunks_returned_to_freelist: 192.
num_chunks_taken_from_freelist: 5276.
num_chunk_merges: 45.
num_chunk_splits: 3909.
num_chunks_enlarged: 3238.
num_inconsistent_stats: 0.

CodeCache: size=49152Kb used=17280Kb max_used=17293Kb free=31871Kb
 bounds [0x00007e76b5000000, 0x00007e76b6100000, 0x00007e76b8000000]
 total_blobs=12957, nmethods=12108, adapters=769, full_count=0
Compilation: enabled, stopped_count=0, restarted_count=0

Compilation events (20 events):
Event: 7659,091 Thread 0x00007e76604c2750 13535       1       javax.management.openmbean.SimpleType::equals (26 bytes)
Event: 7659,091 Thread 0x00007e76604c2750 nmethod 13535 0x00007e76b5fedd88 code [0x00007e76b5fede80, 0x00007e76b5fee018]
Event: 7659,092 Thread 0x00007e76604c1560 13536       1       javax.management.openmbean.OpenType::isAssignableFrom (6 bytes)
Event: 7659,092 Thread 0x00007e76604c1560 nmethod 13536 0x00007e76b5feda88 code [0x00007e76b5fedb80, 0x00007e76b5fedc68]
Event: 7659,097 Thread 0x00007e76604c1560 13537       1       javax.management.openmbean.CompositeDataSupport::get (73 bytes)
Event: 7659,098 Thread 0x00007e76604c1560 nmethod 13537 0x00007e76b5fed488 code [0x00007e76b5fed580, 0x00007e76b5feda48]
Event: 7659,107 Thread 0x00007e76604c2750 13538       1       io.micrometer.core.instrument.distribution.DistributionStatisticConfig::access$700 (5 bytes)
Event: 7659,107 Thread 0x00007e76604c2750 nmethod 13538 0x00007e76b5fed188 code [0x00007e76b5fed280, 0x00007e76b5fed328]
Event: 7659,108 Thread 0x00007e76604c1560 13539       1       io.micrometer.core.instrument.AbstractMeter::getId (5 bytes)
Event: 7659,109 Thread 0x00007e76604c1560 nmethod 13539 0x00007e76b5fece88 code [0x00007e76b5fecf80, 0x00007e76b5fed040]
Event: 7659,829 Thread 0x00007e76604c2750 13540       1       java.util.TreeMap$KeySet::contains (11 bytes)
Event: 7659,829 Thread 0x00007e76604c2750 nmethod 13540 0x00007e76b56d8188 code [0x00007e76b56d8280, 0x00007e76b56d8370]
Event: 7659,829 Thread 0x00007e76604c1560 13541       1       javax.management.openmbean.CompositeDataSupport::getCompositeType (5 bytes)
Event: 7659,829 Thread 0x00007e76604c1560 nmethod 13541 0x00007e76b575ad08 code [0x00007e76b575ae00, 0x00007e76b575aec0]
Event: 7659,829 Thread 0x00007e76604c2750 13542       1       sun.management.LazyCompositeData::getLong (28 bytes)
Event: 7659,830 Thread 0x00007e76604c2750 nmethod 13542 0x00007e76b5773988 code [0x00007e76b5773a80, 0x00007e76b5773c28]
Event: 7659,837 Thread 0x00007e76604c1560 13543       1       javax.management.openmbean.CompositeType::keySet (26 bytes)
Event: 7659,837 Thread 0x00007e76604c1560 nmethod 13543 0x00007e76b5791688 code [0x00007e76b5791780, 0x00007e76b5791bc0]
Event: 7659,837 Thread 0x00007e76b013a560 13544       1       javax.management.openmbean.SimpleType::isValue (21 bytes)
Event: 7659,837 Thread 0x00007e76b013a560 nmethod 13544 0x00007e76b5806088 code [0x00007e76b5806180, 0x00007e76b58062f8]

GC Heap Usage History (20 events):
Event: 5,485 {heap Before GC invocations=19 (full 0):
 garbage-first heap   total reserved 4073472K, committed 122880K, used 105887K [0x0000000707600000, 0x0000000800000000)
  region size 2048K, 17 young (34816K), 3 survivors (6144K)
}
Event: 5,490 {heap After GC invocations=20 (full 0):
 garbage-first heap   total reserved 4073472K, committed 124928K, used 87914K [0x0000000707600000, 0x0000000800000000)
  region size 2048K, 3 young (6144K), 3 survivors (6144K)
}
Event: 5,517 {heap Before GC invocations=20 (full 0):
 garbage-first heap   total reserved 4073472K, committed 124928K, used 108394K [0x0000000707600000, 0x0000000800000000)
  region size 2048K, 13 young (26624K), 3 survivors (6144K)
}
Event: 5,521 {heap After GC invocations=21 (full 0):
 garbage-first heap   total reserved 4073472K, committed 235520K, used 95791K [0x0000000707600000, 0x0000000800000000)
  region size 2048K, 2 young (4096K), 2 survivors (4096K)
}
Event: 5,673 {heap Before GC invocations=22 (full 0):
 garbage-first heap   total reserved 4073472K, committed 235520K, used 179759K [0x0000000707600000, 0x0000000800000000)
  region size 2048K, 43 young (88064K), 2 survivors (4096K)
}
Event: 5,680 {heap After GC invocations=23 (full 0):
 garbage-first heap   total reserved 4073472K, committed 235520K, used 112115K [0x0000000707600000, 0x0000000800000000)
  region size 2048K, 6 young (12288K), 6 survivors (12288K)
}
Event: 5,775 {heap Before GC invocations=23 (full 0):
 garbage-first heap   total reserved 4073472K, committed 235520K, used 179699K [0x0000000707600000, 0x0000000800000000)
  region size 2048K, 39 young (79872K), 6 survivors (12288K)
}
Event: 5,780 {heap After GC invocations=24 (full 0):
 garbage-first heap   total reserved 4073472K, committed 235520K, used 113793K [0x0000000707600000, 0x0000000800000000)
  region size 2048K, 2 young (4096K), 2 survivors (4096K)
}
Event: 5,904 {heap Before GC invocations=24 (full 0):
 garbage-first heap   total reserved 4073472K, committed 235520K, used 185473K [0x0000000707600000, 0x0000000800000000)
  region size 2048K, 37 young (75776K), 2 survivors (4096K)
}
Event: 5,906 {heap After GC invocations=25 (full 0):
 garbage-first heap   total reserved 4073472K, committed 235520K, used 118474K [0x0000000707600000, 0x0000000800000000)
  region size 2048K, 4 young (8192K), 4 survivors (8192K)
}
Event: 5,997 {heap Before GC invocations=26 (full 0):
 garbage-first heap   total reserved 4073472K, committed 235520K, used 186058K [0x0000000707600000, 0x0000000800000000)
  region size 2048K, 40 young (81920K), 4 survivors (8192K)
}
Event: 5,999 {heap After GC invocations=27 (full 0):
 garbage-first heap   total reserved 4073472K, committed 235520K, used 111410K [0x0000000707600000, 0x0000000800000000)
  region size 2048K, 2 young (4096K), 2 survivors (4096K)
}
Event: 6,305 {heap Before GC invocations=27 (full 0):
 garbage-first heap   total reserved 4073472K, committed 235520K, used 191282K [0x0000000707600000, 0x0000000800000000)
  region size 2048K, 42 young (86016K), 2 survivors (4096K)
}
Event: 6,307 {heap After GC invocations=28 (full 0):
 garbage-first heap   total reserved 4073472K, committed 235520K, used 91415K [0x0000000707600000, 0x0000000800000000)
  region size 2048K, 3 young (6144K), 3 survivors (6144K)
}
Event: 6,825 {heap Before GC invocations=28 (full 0):
 garbage-first heap   total reserved 4073472K, committed 235520K, used 191767K [0x0000000707600000, 0x0000000800000000)
  region size 2048K, 52 young (106496K), 3 survivors (6144K)
}
Event: 6,829 {heap After GC invocations=29 (full 0):
 garbage-first heap   total reserved 4073472K, committed 235520K, used 93752K [0x0000000707600000, 0x0000000800000000)
  region size 2048K, 6 young (12288K), 6 survivors (12288K)
}
Event: 1315,144 {heap Before GC invocations=29 (full 0):
 garbage-first heap   total reserved 4073472K, committed 235520K, used 202296K [0x0000000707600000, 0x0000000800000000)
  region size 2048K, 59 young (120832K), 6 survivors (12288K)
}
Event: 1315,330 {heap After GC invocations=30 (full 0):
 garbage-first heap   total reserved 4073472K, committed 235520K, used 100826K [0x0000000707600000, 0x0000000800000000)
  region size 2048K, 7 young (14336K), 7 survivors (14336K)
}
Event: 7658,905 {heap Before GC invocations=30 (full 0):
 garbage-first heap   total reserved 4073472K, committed 235520K, used 168410K [0x0000000707600000, 0x0000000800000000)
  region size 2048K, 41 young (83968K), 7 survivors (14336K)
}
Event: 7659,071 {heap After GC invocations=31 (full 0):
 garbage-first heap   total reserved 4073472K, committed 235520K, used 101339K [0x0000000707600000, 0x0000000800000000)
  region size 2048K, 5 young (10240K), 5 survivors (10240K)
}

Metaspace Usage History (20 events):
Event: 5,485 {metaspace Before GC invocations=19 (full 0):
 Metaspace       used 84552K, committed 85184K, reserved 1179648K
  class space    used 12711K, committed 12992K, reserved 1048576K
}
Event: 5,490 {metaspace After GC invocations=20 (full 0):
 Metaspace       used 84552K, committed 85184K, reserved 1179648K
  class space    used 12711K, committed 12992K, reserved 1048576K
}
Event: 5,517 {metaspace Before GC invocations=20 (full 0):
 Metaspace       used 84552K, committed 85184K, reserved 1179648K
  class space    used 12711K, committed 12992K, reserved 1048576K
}
Event: 5,521 {metaspace After GC invocations=21 (full 0):
 Metaspace       used 84552K, committed 85184K, reserved 1179648K
  class space    used 12711K, committed 12992K, reserved 1048576K
}
Event: 5,673 {metaspace Before GC invocations=22 (full 0):
 Metaspace       used 84552K, committed 85184K, reserved 1179648K
  class space    used 12711K, committed 12992K, reserved 1048576K
}
Event: 5,680 {metaspace After GC invocations=23 (full 0):
 Metaspace       used 84552K, committed 85184K, reserved 1179648K
  class space    used 12711K, committed 12992K, reserved 1048576K
}
Event: 5,775 {metaspace Before GC invocations=23 (full 0):
 Metaspace       used 84552K, committed 85184K, reserved 1179648K
  class space    used 12711K, committed 12992K, reserved 1048576K
}
Event: 5,780 {metaspace After GC invocations=24 (full 0):
 Metaspace       used 84552K, committed 85184K, reserved 1179648K
  class space    used 12711K, committed 12992K, reserved 1048576K
}
Event: 5,904 {metaspace Before GC invocations=24 (full 0):
 Metaspace       used 86007K, committed 86592K, reserved 1179648K
  class space    used 13142K, committed 13376K, reserved 1048576K
}
Event: 5,906 {metaspace After GC invocations=25 (full 0):
 Metaspace       used 86007K, committed 86592K, reserved 1179648K
  class space    used 13142K, committed 13376K, reserved 1048576K
}
Event: 5,997 {metaspace Before GC invocations=26 (full 0):
 Metaspace       used 86011K, committed 86592K, reserved 1179648K
  class space    used 13142K, committed 13376K, reserved 1048576K
}
Event: 5,999 {metaspace After GC invocations=27 (full 0):
 Metaspace       used 86011K, committed 86592K, reserved 1179648K
  class space    used 13142K, committed 13376K, reserved 1048576K
}
Event: 6,305 {metaspace Before GC invocations=27 (full 0):
 Metaspace       used 91760K, committed 92288K, reserved 1179648K
  class space    used 13821K, committed 14016K, reserved 1048576K
}
Event: 6,307 {metaspace After GC invocations=28 (full 0):
 Metaspace       used 91760K, committed 92288K, reserved 1179648K
  class space    used 13821K, committed 14016K, reserved 1048576K
}
Event: 6,825 {metaspace Before GC invocations=28 (full 0):
 Metaspace       used 98201K, committed 98944K, reserved 1179648K
  class space    used 14818K, committed 15168K, reserved 1048576K
}
Event: 6,829 {metaspace After GC invocations=29 (full 0):
 Metaspace       used 98201K, committed 98944K, reserved 1179648K
  class space    used 14818K, committed 15168K, reserved 1048576K
}
Event: 1315,144 {metaspace Before GC invocations=29 (full 0):
 Metaspace       used 109095K, committed 110016K, reserved 1179648K
  class space    used 16474K, committed 16896K, reserved 1048576K
}
Event: 1315,330 {metaspace After GC invocations=30 (full 0):
 Metaspace       used 109095K, committed 110016K, reserved 1179648K
  class space    used 16474K, committed 16896K, reserved 1048576K
}
Event: 7658,905 {metaspace Before GC invocations=30 (full 0):
 Metaspace       used 109274K, committed 110144K, reserved 1179648K
  class space    used 16502K, committed 16896K, reserved 1048576K
}
Event: 7659,071 {metaspace After GC invocations=31 (full 0):
 Metaspace       used 109274K, committed 110144K, reserved 1179648K
  class space    used 16502K, committed 16896K, reserved 1048576K
}

Dll operation events (11 events):
Event: 0,006 Loaded shared library /home/tarik/.jdks/openjdk-25.0.2/lib/libjava.so
Event: 0,065 Loaded shared library /home/tarik/.jdks/openjdk-25.0.2/lib/libzip.so
Event: 0,066 Loaded shared library /home/tarik/.jdks/openjdk-25.0.2/lib/libinstrument.so
Event: 0,069 Loaded shared library /home/tarik/.jdks/openjdk-25.0.2/lib/libnio.so
Event: 0,070 Loaded shared library /home/tarik/.jdks/openjdk-25.0.2/lib/libzip.so
Event: 0,235 Loaded shared library /home/tarik/.jdks/openjdk-25.0.2/lib/libnet.so
Event: 0,244 Loaded shared library /home/tarik/.jdks/openjdk-25.0.2/lib/libextnet.so
Event: 0,254 Loaded shared library /home/tarik/.jdks/openjdk-25.0.2/lib/libjimage.so
Event: 2,371 Loaded shared library /home/tarik/.jdks/openjdk-25.0.2/lib/libmanagement.so
Event: 2,372 Loaded shared library /home/tarik/.jdks/openjdk-25.0.2/lib/libmanagement_ext.so
Event: 7,340 Loaded shared library /home/tarik/.jdks/openjdk-25.0.2/lib/libverify.so

Deoptimization events (12 events):
Event: 1,642 Thread 0x00007e76b0031e10 DEOPT PACKING pc=0x00007e76b579772c sp=0x00007e76b97fd3b0
Event: 1,642 Thread 0x00007e76b0031e10 DEOPT UNPACKING pc=0x00007e76b5050fef sp=0x00007e76b97fc9f0 mode 0
Event: 1,642 Thread 0x00007e76b0031e10 DEOPT PACKING pc=0x00007e76b579699c sp=0x00007e76b97fd7b0
Event: 1,642 Thread 0x00007e76b0031e10 DEOPT UNPACKING pc=0x00007e76b5050fef sp=0x00007e76b97fcdf0 mode 0
Event: 1,643 Thread 0x00007e76b0031e10 DEOPT PACKING pc=0x00007e76b579699c sp=0x00007e76b97fdbb0
Event: 1,643 Thread 0x00007e76b0031e10 DEOPT UNPACKING pc=0x00007e76b5050fef sp=0x00007e76b97fd1f0 mode 0
Event: 2,099 Thread 0x00007e76b0031e10 DEOPT PACKING pc=0x00007e76b580722c sp=0x00007e76b97fbdf0
Event: 2,099 Thread 0x00007e76b0031e10 DEOPT UNPACKING pc=0x00007e76b5050fef sp=0x00007e76b97fb318 mode 0
Event: 2,513 Thread 0x00007e76b158b090 DEOPT PACKING pc=0x00007e76b55a2e50 sp=0x00007e76919f94d0
Event: 2,513 Thread 0x00007e76b158b090 DEOPT UNPACKING pc=0x00007e76b5050fef sp=0x00007e76919f8968 mode 3
Event: 2,513 Thread 0x00007e76b0031e10 DEOPT PACKING pc=0x00007e76b54845de sp=0x00007e76b97fde40
Event: 2,513 Thread 0x00007e76b0031e10 DEOPT UNPACKING pc=0x00007e76b5050fef sp=0x00007e76b97fd2f0 mode 3

Classes loaded (20 events):
Event: 1315,430 Loading class javax/management/openmbean/TabularDataSupport
Event: 1315,438 Loading class javax/management/openmbean/TabularDataSupport done
Event: 1315,439 Loading class sun/management/MemoryUsageCompositeData
Event: 1315,443 Loading class sun/management/MemoryUsageCompositeData done
Event: 1315,443 Loading class javax/management/openmbean/CompositeDataSupport
Event: 1315,450 Loading class javax/management/openmbean/CompositeDataSupport done
Event: 1315,455 Loading class java/util/TreeMap$KeySpliterator
Event: 1315,457 Loading class java/util/TreeMap$KeySpliterator done
Event: 1315,468 Loading class java/util/function/LongBinaryOperator
Event: 1315,469 Loading class java/util/function/LongBinaryOperator done
Event: 1315,470 Loading class java/util/stream/ReduceOps$10
Event: 1315,472 Loading class java/util/stream/ReduceOps$10 done
Event: 1315,472 Loading class java/util/stream/ReduceOps$8ReducingSink
Event: 1315,473 Loading class java/util/stream/ReduceOps$8ReducingSink done
Event: 1379,488 Loading class sun/security/ssl/Alert
Event: 1379,496 Loading class sun/security/ssl/Alert done
Event: 1379,499 Loading class sun/security/ssl/Alert$AlertConsumer
Event: 1379,502 Loading class sun/security/ssl/Alert$AlertConsumer done
Event: 1379,502 Loading class sun/security/ssl/Alert$Level
Event: 1379,503 Loading class sun/security/ssl/Alert$Level done

Classes unloaded (20 events):
Event: 7659,276 Thread 0x00007e76b0129260 Unloading class 0x00000000235bc400 'java/lang/invoke/LambdaForm$MH+0x00000000235bc400'
Event: 7659,276 Thread 0x00007e76b0129260 Unloading class 0x00000000234b8000 'java/lang/invoke/LambdaForm$DMH+0x00000000234b8000'
Event: 7659,276 Thread 0x00007e76b0129260 Unloading class 0x000000002346c000 'java/lang/invoke/LambdaForm$DMH+0x000000002346c000'
Event: 7659,276 Thread 0x00007e76b0129260 Unloading class 0x0000000023458000 'java/lang/invoke/LambdaForm$DMH+0x0000000023458000'
Event: 7659,276 Thread 0x00007e76b0129260 Unloading class 0x0000000023284400 'java/lang/invoke/LambdaForm$DMH+0x0000000023284400'
Event: 7659,276 Thread 0x00007e76b0129260 Unloading class 0x000000002321a000 'java/lang/invoke/LambdaForm$MH+0x000000002321a000'
Event: 7659,277 Thread 0x00007e76b0129260 Unloading class 0x0000000023219800 'java/lang/invoke/LambdaForm$MH+0x0000000023219800'
Event: 7659,277 Thread 0x00007e76b0129260 Unloading class 0x0000000023219000 'java/lang/invoke/LambdaForm$BMH+0x0000000023219000'
Event: 7659,277 Thread 0x00007e76b0129260 Unloading class 0x0000000023155800 'java/lang/invoke/LambdaForm$MH+0x0000000023155800'
Event: 7659,277 Thread 0x00007e76b0129260 Unloading class 0x0000000023155400 'java/lang/invoke/LambdaForm$MH+0x0000000023155400'
Event: 7659,277 Thread 0x00007e76b0129260 Unloading class 0x0000000023128000 'java/lang/invoke/LambdaForm$MH+0x0000000023128000'
Event: 7659,277 Thread 0x00007e76b0129260 Unloading class 0x0000000023124c00 'java/lang/invoke/LambdaForm$MH+0x0000000023124c00'
Event: 7659,277 Thread 0x00007e76b0129260 Unloading class 0x000000002310c000 'java/lang/invoke/LambdaForm$DMH+0x000000002310c000'
Event: 7659,277 Thread 0x00007e76b0129260 Unloading class 0x00000000230a4800 'java/lang/invoke/LambdaForm$MH+0x00000000230a4800'
Event: 7659,277 Thread 0x00007e76b0129260 Unloading class 0x0000000023088000 'java/lang/invoke/LambdaForm$MH+0x0000000023088000'
Event: 7659,277 Thread 0x00007e76b0129260 Unloading class 0x000000002306cc00 'java/lang/invoke/LambdaForm$BMH+0x000000002306cc00'
Event: 7659,277 Thread 0x00007e76b0129260 Unloading class 0x0000000023042000 'java/lang/invoke/LambdaForm$MH+0x0000000023042000'
Event: 7659,277 Thread 0x00007e76b0129260 Unloading class 0x0000000023041c00 'java/lang/invoke/LambdaForm$MH+0x0000000023041c00'
Event: 7659,277 Thread 0x00007e76b0129260 Unloading class 0x0000000023041800 'java/lang/invoke/LambdaForm$MH+0x0000000023041800'
Event: 7659,277 Thread 0x00007e76b0129260 Unloading class 0x0000000023041000 'java/lang/invoke/LambdaForm$MH+0x0000000023041000'

Classes redefined (0 events):
No events

Internal exceptions (20 events):
Event: 7,203 Thread 0x00007e76b0031e10 Exception <a 'java/lang/NoSuchMethodError'{0x00000007121cfcc8}: 'double java.lang.invoke.DirectMethodHandle$Holder.invokeStatic(java.lang.Object, java.lang.Object, java.lang.Object)'> (0x00000007121cfcc8) 
thrown [open/src/hotspot/share/interpreter/linkResolver.cpp, line 803]
Event: 7,203 Thread 0x00007e76b0031e10 Exception <a 'java/lang/IncompatibleClassChangeError'{0x00000007121df600}: Found class java.lang.Object, but interface was expected> (0x00000007121df600) 
thrown [open/src/hotspot/share/interpreter/linkResolver.cpp, line 871]
Event: 7,204 Thread 0x00007e76b0031e10 Exception <a 'java/lang/NoSuchMethodError'{0x0000000711e07510}: 'void java.lang.invoke.DirectMethodHandle$Holder.invokeStatic(java.lang.Object, java.lang.Object, double)'> (0x0000000711e07510) 
thrown [open/src/hotspot/share/interpreter/linkResolver.cpp, line 803]
Event: 7,212 Thread 0x00007e76b0031e10 Exception <a 'java/lang/NoSuchMethodError'{0x0000000711f6d688}: 'double java.lang.invoke.DirectMethodHandle$Holder.invokeInterface(java.lang.Object, java.lang.Object)'> (0x0000000711f6d688) 
thrown [open/src/hotspot/share/interpreter/linkResolver.cpp, line 803]
Event: 7,214 Thread 0x00007e76b0031e10 Exception <a 'java/lang/NoSuchMethodError'{0x0000000711fd8758}: 'java.lang.Object java.lang.invoke.DirectMethodHandle$Holder.invokeStaticInit(java.lang.Object, int)'> (0x0000000711fd8758) 
thrown [open/src/hotspot/share/interpreter/linkResolver.cpp, line 803]
Event: 7,215 Thread 0x00007e76b0031e10 Exception <a 'java/lang/NoSuchMethodError'{0x0000000711c1bdd8}: 'java.lang.Object java.lang.invoke.DirectMethodHandle$Holder.newInvokeSpecial(java.lang.Object, java.lang.Object, int, java.lang.Object, java.lang.Object)'> (0x0000000711c1bdd8) 
thrown [open/src/hotspot/share/interpreter/linkResolver.cpp, line 803]
Event: 7,277 Thread 0x00007e76b0031e10 Exception <a 'java/lang/NoSuchMethodError'{0x000000071142c8d8}: 'int java.lang.invoke.DirectMethodHandle$Holder.invokeStatic(java.lang.Object, int, int, int, int)'> (0x000000071142c8d8) 
thrown [open/src/hotspot/share/interpreter/linkResolver.cpp, line 803]
Event: 7,291 Thread 0x00007e76b0031e10 Exception <a 'java/lang/NoSuchMethodError'{0x000000071157d8f8}: 'java.lang.Object java.lang.invoke.DirectMethodHandle$Holder.invokeStatic(java.lang.Object, java.lang.Object, java.lang.Object, java.lang.Object, int, java.lang.Object, java.lang.Object)'> (0x000000071157d8f8) 
thrown [open/src/hotspot/share/interpreter/linkResolver.cpp, line 803]
Event: 7,313 Thread 0x00007e76b0031e10 Exception <a 'java/lang/IncompatibleClassChangeError'{0x0000000711022220}: Found class java.lang.Object, but interface was expected> (0x0000000711022220) 
thrown [open/src/hotspot/share/interpreter/linkResolver.cpp, line 871]
Event: 7,313 Thread 0x00007e76b0031e10 Exception <a 'java/lang/NoSuchMethodError'{0x00000007110332a0}: 'java.lang.Object java.lang.invoke.DirectMethodHandle$Holder.invokeSpecialIFC(java.lang.Object, java.lang.Object, java.lang.Object, java.lang.Object, java.lang.Object)'> (0x00000007110332a0) 
thrown [open/src/hotspot/share/interpreter/linkResolver.cpp, line 803]
Event: 7,333 Thread 0x00007e76b0031e10 Exception <a 'java/lang/NoSuchMethodError'{0x00000007111e2c08}: 'java.lang.Object java.lang.invoke.DirectMethodHandle$Holder.invokeStatic(java.lang.Object, int, int)'> (0x00000007111e2c08) 
thrown [open/src/hotspot/share/interpreter/linkResolver.cpp, line 803]
Event: 7,394 Thread 0x00007e76b0031e10 Exception <a 'java/lang/NoSuchMethodError'{0x0000000710b276c8}: 'long java.lang.invoke.DirectMethodHandle$Holder.invokeStatic(java.lang.Object, java.lang.Object, int)'> (0x0000000710b276c8) 
thrown [open/src/hotspot/share/interpreter/linkResolver.cpp, line 803]
Event: 7,394 Thread 0x00007e76b0031e10 Exception <a 'java/lang/NoSuchMethodError'{0x0000000710b381c0}: 'long java.lang.invoke.DelegatingMethodHandle$Holder.reinvoke_L(java.lang.Object, java.lang.Object, int)'> (0x0000000710b381c0) 
thrown [open/src/hotspot/share/interpreter/linkResolver.cpp, line 803]
Event: 7,394 Thread 0x00007e76b0031e10 Exception <a 'java/lang/NoSuchMethodError'{0x0000000710b50d50}: 'java.lang.Object java.lang.invoke.DelegatingMethodHandle$Holder.reinvoke_L(java.lang.Object, int, int, long, java.lang.Object, long, long, long)'> (0x0000000710b50d50) 
thrown [open/src/hotspot/share/interpreter/linkResolver.cpp, line 803]
Event: 7,395 Thread 0x00007e76b0031e10 Exception <a 'java/lang/NoSuchMethodError'{0x0000000710b9dd70}: 'java.lang.Object java.lang.invoke.DelegatingMethodHandle$Holder.reinvoke_L(java.lang.Object, java.lang.Object, java.lang.Object, java.lang.Object, java.lang.Object, java.lang.Object, java.lang.Object, java.lang.Object, java.lang.Object, java.lang.Object, java.lang.Object, java.lang.Object, java.lang.Object, java.lang.Object, int, java.lang.Object, java.lang.Object, java.lang.Object, java.lang.Object, java.lang.Object, java.lang.Object, java.l
Event: 7,396 Thread 0x00007e76b0031e10 Exception <a 'java/lang/NoSuchMethodError'{0x000000071082ee48}: 'java.lang.Object java.lang.invoke.DelegatingMethodHandle$Holder.reinvoke_L(java.lang.Object, java.lang.Object, java.lang.Object, java.lang.Object, java.lang.Object, java.lang.Object, java.lang.Object, java.lang.Object, java.lang.Object, java.lang.Object, java.lang.Object, java.lang.Object, java.lang.Object, java.lang.Object, java.lang.Object, java.lang.Object, java.lang.Object, java.lang.Object, java.lang.Object, java.lang.Object, java.lang.O
Event: 7,424 Thread 0x00007e76b2a6a7a0 Exception <a 'java/lang/NoSuchMethodError'{0x000000071010b6d0}: 'long java.lang.invoke.DelegatingMethodHandle$Holder.reinvoke_L(java.lang.Object, java.lang.Object)'> (0x000000071010b6d0) 
thrown [open/src/hotspot/share/interpreter/linkResolver.cpp, line 803]
Event: 7,434 Thread 0x00007e76b0031e10 Exception <a 'java/lang/IncompatibleClassChangeError'{0x000000070ff005a0}: Found class java.lang.Object, but interface was expected> (0x000000070ff005a0) 
thrown [open/src/hotspot/share/interpreter/linkResolver.cpp, line 871]
Event: 1315,465 Thread 0x00007e76b094d340 Exception <a 'java/lang/NoSuchMethodError'{0x00000007ffe235b8}: 'long java.lang.invoke.DirectMethodHandle$Holder.invokeStatic(java.lang.Object, java.lang.Object, java.lang.Object)'> (0x00000007ffe235b8) 
thrown [open/src/hotspot/share/interpreter/linkResolver.cpp, line 803]
Event: 1315,469 Thread 0x00007e76b094d340 Exception <a 'java/lang/NoSuchMethodError'{0x00000007ffe32fd8}: 'long java.lang.invoke.DirectMethodHandle$Holder.invokeStatic(java.lang.Object, long, long)'> (0x00000007ffe32fd8) 
thrown [open/src/hotspot/share/interpreter/linkResolver.cpp, line 803]

VM Operations (20 events):
Event: 7,139 Executing non-safepoint VM operation: HandshakeAllThreads (Deoptimize)
Event: 7,139 Executing non-safepoint VM operation: HandshakeAllThreads (Deoptimize) done
Event: 7,202 Executing non-safepoint VM operation: HandshakeAllThreads (Deoptimize)
Event: 7,202 Executing non-safepoint VM operation: HandshakeAllThreads (Deoptimize) done
Event: 7,400 Executing non-safepoint VM operation: HandshakeAllThreads (Deoptimize)
Event: 7,400 Executing non-safepoint VM operation: HandshakeAllThreads (Deoptimize) done
Event: 7,412 Executing non-safepoint VM operation: HandshakeAllThreads (Deoptimize)
Event: 7,412 Executing non-safepoint VM operation: HandshakeAllThreads (Deoptimize) done
Event: 60,050 Executing non-safepoint VM operation: HandshakeAllThreads (HandshakeForDeflation)
Event: 60,050 Executing non-safepoint VM operation: HandshakeAllThreads (HandshakeForDeflation) done
Event: 60,050 Executing non-safepoint VM operation: RendezvousGCThreads
Event: 60,050 Executing non-safepoint VM operation: RendezvousGCThreads done
Event: 1315,144 Executing safepoint VM operation: G1CollectForAllocation (G1 Evacuation Pause)
Event: 1315,330 Executing safepoint VM operation: G1CollectForAllocation (G1 Evacuation Pause) done
Event: 7658,903 Executing safepoint VM operation: G1TryInitiateConcMark (CodeCache GC Threshold)
Event: 7659,071 Executing safepoint VM operation: G1TryInitiateConcMark (CodeCache GC Threshold) done
Event: 7659,270 Executing safepoint VM operation: G1PauseRemark
Event: 7659,828 Executing safepoint VM operation: G1PauseRemark done
Event: 7659,836 Executing safepoint VM operation: G1PauseCleanup
Event: 7659,837 Executing safepoint VM operation: G1PauseCleanup done

Memory protections (20 events):
Event: 6252,443 Protecting memory [0x00007e7690df5000,0x00007e7690df9000] with protection modes 0
Event: 6311,446 Protecting memory [0x00007e7690df5000,0x00007e7690df9000] with protection modes 0
Event: 6311,450 Protecting memory [0x00007e7690cf5000,0x00007e7690cf9000] with protection modes 0
Event: 6461,972 Protecting memory [0x00007e7690cf5000,0x00007e7690cf9000] with protection modes 0
Event: 6461,977 Protecting memory [0x00007e7690df5000,0x00007e7690df9000] with protection modes 0
Event: 6512,147 Protecting memory [0x00007e7690df5000,0x00007e7690df9000] with protection modes 0
Event: 6512,150 Protecting memory [0x00007e7690cf5000,0x00007e7690cf9000] with protection modes 0
Event: 6555,776 Protecting memory [0x00007e7690cf5000,0x00007e7690cf9000] with protection modes 0
Event: 6555,781 Protecting memory [0x00007e7690df5000,0x00007e7690df9000] with protection modes 0
Event: 6838,719 Protecting memory [0x00007e7690df5000,0x00007e7690df9000] with protection modes 0
Event: 6838,724 Protecting memory [0x00007e7690cf5000,0x00007e7690cf9000] with protection modes 0
Event: 7349,298 Protecting memory [0x00007e7690cf5000,0x00007e7690cf9000] with protection modes 0
Event: 7349,305 Protecting memory [0x00007e7690df5000,0x00007e7690df9000] with protection modes 0
Event: 7574,522 Protecting memory [0x00007e7690df5000,0x00007e7690df9000] with protection modes 0
Event: 7574,530 Protecting memory [0x00007e7690cf5000,0x00007e7690cf9000] with protection modes 0
Event: 7607,243 Protecting memory [0x00007e7690cf5000,0x00007e7690cf9000] with protection modes 0
Event: 7607,249 Protecting memory [0x00007e7690df5000,0x00007e7690df9000] with protection modes 0
Event: 7658,902 Protecting memory [0x00007e7690df5000,0x00007e7690df9000] with protection modes 0
Event: 7658,902 Protecting memory [0x00007e7690cf5000,0x00007e7690cf9000] with protection modes 0
Event: 7658,902 Protecting memory [0x00007e75d3900000,0x00007e75d3904000] with protection modes 0

Nmethod flushes (20 events):
Event: 5,932 Thread 0x00007e76b0129260 flushing  nmethod 0x00007e76b5d23008
Event: 5,932 Thread 0x00007e76b0129260 flushing  nmethod 0x00007e76b5d29888
Event: 5,932 Thread 0x00007e76b0129260 flushing  nmethod 0x00007e76b5c05308
Event: 5,932 Thread 0x00007e76b0129260 flushing  nmethod 0x00007e76b5d30888
Event: 7659,793 Thread 0x00007e76b0129260 flushing  nmethod 0x00007e76b5806088
Event: 7659,793 Thread 0x00007e76b0129260 flushing  nmethod 0x00007e76b584f788
Event: 7659,793 Thread 0x00007e76b0129260 flushing  nmethod 0x00007e76b5149a88
Event: 7659,793 Thread 0x00007e76b0129260 flushing  nmethod 0x00007e76b57cea08
Event: 7659,793 Thread 0x00007e76b0129260 flushing  nmethod 0x00007e76b58e6a88
Event: 7659,793 Thread 0x00007e76b0129260 flushing  nmethod 0x00007e76b5ceed88
Event: 7659,793 Thread 0x00007e76b0129260 flushing  nmethod 0x00007e76b5d0ca88
Event: 7659,793 Thread 0x00007e76b0129260 flushing  nmethod 0x00007e76b575ad08
Event: 7659,793 Thread 0x00007e76b0129260 flushing  nmethod 0x00007e76b5791688
Event: 7659,793 Thread 0x00007e76b0129260 flushing  nmethod 0x00007e76b58e3a88
Event: 7659,793 Thread 0x00007e76b0129260 flushing  nmethod 0x00007e76b5773988
Event: 7659,793 Thread 0x00007e76b0129260 flushing  nmethod 0x00007e76b584d088
Event: 7659,793 Thread 0x00007e76b0129260 flushing  nmethod 0x00007e76b56d8188
Event: 7659,793 Thread 0x00007e76b0129260 flushing  nmethod 0x00007e76b5839208
Event: 7659,793 Thread 0x00007e76b0129260 flushing  nmethod 0x00007e76b579ed88
Event: 7659,793 Thread 0x00007e76b0129260 flushing  nmethod 0x00007e76b5cef088

Events (20 events):
Event: 6560,864 Thread 0x00007e75fc02ddd0 Thread exited: 0x00007e75fc02ddd0
Event: 6838,719 Thread 0x00007e76b18e3440 Thread added: 0x00007e7608002440
Event: 6838,724 Thread 0x00007e7608002440 Thread added: 0x00007e760c016d40
Event: 6843,725 Thread 0x00007e7608002440 Thread exited: 0x00007e7608002440
Event: 6843,804 Thread 0x00007e760c016d40 Thread exited: 0x00007e760c016d40
Event: 7349,298 Thread 0x00007e76b18e3440 Thread added: 0x00007e7608002440
Event: 7349,305 Thread 0x00007e7608002440 Thread added: 0x00007e75fc02ddd0
Event: 7354,305 Thread 0x00007e7608002440 Thread exited: 0x00007e7608002440
Event: 7354,466 Thread 0x00007e75fc02ddd0 Thread exited: 0x00007e75fc02ddd0
Event: 7574,522 Thread 0x00007e76b18e3440 Thread added: 0x00007e7608002440
Event: 7574,530 Thread 0x00007e7608002440 Thread added: 0x00007e760c016d40
Event: 7579,530 Thread 0x00007e7608002440 Thread exited: 0x00007e7608002440
Event: 7579,605 Thread 0x00007e760c016d40 Thread exited: 0x00007e760c016d40
Event: 7607,243 Thread 0x00007e76b18e3440 Thread added: 0x00007e7608002440
Event: 7607,249 Thread 0x00007e7608002440 Thread added: 0x00007e75fc02ddd0
Event: 7612,249 Thread 0x00007e7608002440 Thread exited: 0x00007e7608002440
Event: 7612,340 Thread 0x00007e75fc02ddd0 Thread exited: 0x00007e75fc02ddd0
Event: 7658,902 Thread 0x00007e76b013a560 Thread added: 0x00007e76604c0370
Event: 7658,902 Thread 0x00007e76b013a560 Thread added: 0x00007e76604c1560
Event: 7658,902 Thread 0x00007e76b013a560 Thread added: 0x00007e76604c2750


Dynamic libraries:
22000000-22001000 ---p 00000000 00:00 0 
22001000-22d8d000 rw-p 00001000 103:02 31211061                          /home/tarik/.jdks/openjdk-25.0.2/lib/server/classes.jsa
22d8d000-23000000 ---p 00000000 00:00 0 
23000000-23040000 rw-p 00000000 00:00 0 
23040000-230c0000 rw-p 00000000 00:00 0 
230c0000-23180000 rw-p 00000000 00:00 0 
23180000-231c0000 rw-p 00000000 00:00 0 
231c0000-23200000 rw-p 00000000 00:00 0 
23200000-23540000 rw-p 00000000 00:00 0 
23540000-23580000 rw-p 00000000 00:00 0 
23580000-238c0000 rw-p 00000000 00:00 0 
238c0000-23e40000 rw-p 00000000 00:00 0 
23e40000-23e80000 rw-p 00000000 00:00 0 
23e80000-24080000 rw-p 00000000 00:00 0 
24080000-63000000 ---p 00000000 00:00 0 
707600000-714e00000 rw-p 00000000 00:00 0 
714e00000-716e00000 ---p 00000000 00:00 0 
716e00000-717000000 rw-p 00000000 00:00 0 
717000000-7ff400000 ---p 00000000 00:00 0 
7ff400000-7ffe00000 rw-p 00000000 00:00 0 
7ffe00000-7fff22000 rw-p 00dc0000 103:02 31211061                        /home/tarik/.jdks/openjdk-25.0.2/lib/server/classes.jsa
7fff22000-800000000 rw-p 00000000 00:00 0 
5c6187d5f000-5c6187d60000 r-xp 00000000 103:02 31210555                  /home/tarik/.jdks/openjdk-25.0.2/bin/java
5c6187d61000-5c6187d62000 r--p 00001000 103:02 31210555                  /home/tarik/.jdks/openjdk-25.0.2/bin/java
5c6187d62000-5c6187d63000 rw-p 00002000 103:02 31210555                  /home/tarik/.jdks/openjdk-25.0.2/bin/java
5c61912d2000-5c6191320000 rw-p 00000000 00:00 0                          [heap]
7e75b0000000-7e75b005e000 rw-p 00000000 00:00 0 
7e75b005e000-7e75b4000000 ---p 00000000 00:00 0 
7e75b4000000-7e75b4022000 rw-p 00000000 00:00 0 
7e75b4022000-7e75b8000000 ---p 00000000 00:00 0 
7e75b8000000-7e75b8021000 rw-p 00000000 00:00 0 
7e75b8021000-7e75bc000000 ---p 00000000 00:00 0 
7e75bc000000-7e75bc021000 rw-p 00000000 00:00 0 
7e75bc021000-7e75c0000000 ---p 00000000 00:00 0 
7e75c0000000-7e75c0021000 rw-p 00000000 00:00 0 
7e75c0021000-7e75c4000000 ---p 00000000 00:00 0 
7e75c4000000-7e75c4021000 rw-p 00000000 00:00 0 
7e75c4021000-7e75c8000000 ---p 00000000 00:00 0 
7e75c8000000-7e75c8021000 rw-p 00000000 00:00 0 
7e75c8021000-7e75cc000000 ---p 00000000 00:00 0 
7e75cc000000-7e75cc021000 rw-p 00000000 00:00 0 
7e75cc021000-7e75d0000000 ---p 00000000 00:00 0 
7e75d348c000-7e75d3900000 rw-p 00000000 00:00 0 
7e75d3900000-7e75d3904000 ---p 00000000 00:00 0 
7e75d3904000-7e75d3a00000 rw-p 00000000 00:00 0 
7e75d3a00000-7e75d3a04000 ---p 00000000 00:00 0 
7e75d3a04000-7e75d3b00000 rw-p 00000000 00:00 0 
7e75d3b00000-7e75d3b04000 ---p 00000000 00:00 0 
7e75d3b04000-7e75d3c00000 rw-p 00000000 00:00 0 
7e75d3c00000-7e75d3c04000 ---p 00000000 00:00 0 
7e75d3c04000-7e75d3d00000 rw-p 00000000 00:00 0 
7e75d3d00000-7e75d3d04000 ---p 00000000 00:00 0 
7e75d3d04000-7e75d3e00000 rw-p 00000000 00:00 0 
7e75d3e00000-7e75d3e04000 ---p 00000000 00:00 0 
7e75d3e04000-7e75d3f00000 rw-p 00000000 00:00 0 
7e75d3f00000-7e75d3f04000 ---p 00000000 00:00 0 
7e75d3f04000-7e75d4000000 rw-p 00000000 00:00 0 
7e75d4000000-7e75d4021000 rw-p 00000000 00:00 0 
7e75d4021000-7e75d8000000 ---p 00000000 00:00 0 
7e75d8000000-7e75d8021000 rw-p 00000000 00:00 0 
7e75d8021000-7e75dc000000 ---p 00000000 00:00 0 
7e75dc000000-7e75dc021000 rw-p 00000000 00:00 0 
7e75dc021000-7e75e0000000 ---p 00000000 00:00 0 
7e75e0000000-7e75e0021000 rw-p 00000000 00:00 0 
7e75e0021000-7e75e4000000 ---p 00000000 00:00 0 
7e75e4000000-7e75e4021000 rw-p 00000000 00:00 0 
7e75e4021000-7e75e8000000 ---p 00000000 00:00 0 
7e75e8000000-7e75e8021000 rw-p 00000000 00:00 0 
7e75e8021000-7e75ec000000 ---p 00000000 00:00 0 
7e75ec000000-7e75ec021000 rw-p 00000000 00:00 0 
7e75ec021000-7e75f0000000 ---p 00000000 00:00 0 
7e75f0000000-7e75f0021000 rw-p 00000000 00:00 0 
7e75f0021000-7e75f4000000 ---p 00000000 00:00 0 
7e75f4000000-7e75f4021000 rw-p 00000000 00:00 0 
7e75f4021000-7e75f8000000 ---p 00000000 00:00 0 
7e75f8000000-7e75f8021000 rw-p 00000000 00:00 0 
7e75f8021000-7e75fc000000 ---p 00000000 00:00 0 
7e75fc000000-7e75fc060000 rw-p 00000000 00:00 0 
7e75fc060000-7e7600000000 ---p 00000000 00:00 0 
7e7600000000-7e7600021000 rw-p 00000000 00:00 0 
7e7600021000-7e7604000000 ---p 00000000 00:00 0 
7e7604000000-7e7604f00000 rw-p 00000000 00:00 0 
7e7604f00000-7e7605000000 rw-p 00000000 00:00 0 
7e7605000000-7e7605a50000 rw-p 00000000 00:00 0 
7e7605a50000-7e7605b00000 ---p 00000000 00:00 0 
7e7605b00000-7e7605bc0000 rw-p 00000000 00:00 0 
7e7605bc0000-7e7608000000 ---p 00000000 00:00 0 
7e7608000000-7e7608021000 rw-p 00000000 00:00 0 
7e7608021000-7e760c000000 ---p 00000000 00:00 0 
7e760c000000-7e760c035000 rw-p 00000000 00:00 0 
7e760c035000-7e7610000000 ---p 00000000 00:00 0 
7e7610000000-7e7610021000 rw-p 00000000 00:00 0 
7e7610021000-7e7614000000 ---p 00000000 00:00 0 
7e7614000000-7e7614021000 rw-p 00000000 00:00 0 
7e7614021000-7e7618000000 ---p 00000000 00:00 0 
7e7618000000-7e7618021000 rw-p 00000000 00:00 0 
7e7618021000-7e761c000000 ---p 00000000 00:00 0 
7e761c000000-7e761c021000 rw-p 00000000 00:00 0 
7e761c021000-7e7620000000 ---p 00000000 00:00 0 
7e7620000000-7e7620021000 rw-p 00000000 00:00 0 
7e7620021000-7e7624000000 ---p 00000000 00:00 0 
7e7624000000-7e7624021000 rw-p 00000000 00:00 0 
7e7624021000-7e7628000000 ---p 00000000 00:00 0 
7e7628000000-7e7628021000 rw-p 00000000 00:00 0 
7e7628021000-7e762c000000 ---p 00000000 00:00 0 
7e762c000000-7e762c021000 rw-p 00000000 00:00 0 
7e762c021000-7e7630000000 ---p 00000000 00:00 0 
7e7630000000-7e7630281000 rw-p 00000000 00:00 0 
7e7630281000-7e7634000000 ---p 00000000 00:00 0 
7e7634000000-7e7634021000 rw-p 00000000 00:00 0 
7e7634021000-7e7638000000 ---p 00000000 00:00 0 
7e7638000000-7e7638021000 rw-p 00000000 00:00 0 
7e7638021000-7e763c000000 ---p 00000000 00:00 0 
7e763c000000-7e763c021000 rw-p 00000000 00:00 0 
7e763c021000-7e7640000000 ---p 00000000 00:00 0 
7e7640000000-7e7640021000 rw-p 00000000 00:00 0 
7e7640021000-7e7644000000 ---p 00000000 00:00 0 
7e7644000000-7e7644021000 rw-p 00000000 00:00 0 
7e7644021000-7e7648000000 ---p 00000000 00:00 0 
7e7648000000-7e7648224000 rw-p 00000000 00:00 0 
7e7648224000-7e764c000000 ---p 00000000 00:00 0 
7e764c000000-7e764c021000 rw-p 00000000 00:00 0 
7e764c021000-7e7650000000 ---p 00000000 00:00 0 
7e7650000000-7e7650021000 rw-p 00000000 00:00 0 
7e7650021000-7e7654000000 ---p 00000000 00:00 0 
7e7654000000-7e7654021000 rw-p 00000000 00:00 0 
7e7654021000-7e7658000000 ---p 00000000 00:00 0 
7e7658000000-7e7658350000 rw-p 00000000 00:00 0 
7e7658350000-7e765c000000 ---p 00000000 00:00 0 
7e765c000000-7e765c021000 rw-p 00000000 00:00 0 
7e765c021000-7e7660000000 ---p 00000000 00:00 0 
7e7660000000-7e7660b86000 rw-p 00000000 00:00 0 
7e7660b86000-7e7664000000 ---p 00000000 00:00 0 
7e7664000000-7e7664372000 rw-p 00000000 00:00 0 
7e7664372000-7e7668000000 ---p 00000000 00:00 0 
7e7668000000-7e76680ad000 rw-p 00000000 00:00 0 
7e76680ad000-7e766c000000 ---p 00000000 00:00 0 
7e766c000000-7e766c021000 rw-p 00000000 00:00 0 
7e766c021000-7e7670000000 ---p 00000000 00:00 0 
7e7670000000-7e7670021000 rw-p 00000000 00:00 0 
7e7670021000-7e7674000000 ---p 00000000 00:00 0 
7e7674000000-7e7674021000 rw-p 00000000 00:00 0 
7e7674021000-7e7678000000 ---p 00000000 00:00 0 
7e7678000000-7e7678400000 rw-p 00000000 00:00 0 
7e7678400000-7e7678900000 rw-p 00000000 00:00 0 
7e7678900000-7e7678a00000 rw-p 00000000 00:00 0 
7e7678a00000-7e7678b00000 rw-p 00000000 00:00 0 
7e7678b00000-7e7678c00000 rw-p 00000000 00:00 0 
7e7678c00000-7e7679700000 rw-p 00000000 00:00 0 
7e7679700000-7e7679800000 rw-p 00000000 00:00 0 
7e7679800000-7e767a580000 rw-p 00000000 00:00 0 
7e767a580000-7e767a600000 rw-p 00000000 00:00 0 
7e767a600000-7e767af40000 rw-p 00000000 00:00 0 
7e767af40000-7e767af80000 rw-p 00000000 00:00 0 
7e767af80000-7e767b200000 rw-p 00000000 00:00 0 
7e767b200000-7e767c000000 rw-p 00000000 00:00 0 
7e767c000000-7e767c021000 rw-p 00000000 00:00 0 
7e767c021000-7e7680000000 ---p 00000000 00:00 0 
7e7680000000-7e7680021000 rw-p 00000000 00:00 0 
7e7680021000-7e7684000000 ---p 00000000 00:00 0 
7e7684000000-7e7684021000 rw-p 00000000 00:00 0 
7e7684021000-7e7688000000 ---p 00000000 00:00 0 
7e7688000000-7e7688027000 rw-p 00000000 00:00 0 
7e7688027000-7e768c000000 ---p 00000000 00:00 0 
7e768c000000-7e768c021000 rw-p 00000000 00:00 0 
7e768c021000-7e7690000000 ---p 00000000 00:00 0 
7e76900f5000-7e76900f9000 ---p 00000000 00:00 0 
7e76900f9000-7e76901f5000 rw-p 00000000 00:00 0 
7e76901f5000-7e76901f9000 ---p 00000000 00:00 0 
7e76901f9000-7e76902f5000 rw-p 00000000 00:00 0 
7e76902f5000-7e76902f9000 ---p 00000000 00:00 0 
7e76902f9000-7e76903f5000 rw-p 00000000 00:00 0 
7e76903f5000-7e76903f9000 ---p 00000000 00:00 0 
7e76903f9000-7e76904f5000 rw-p 00000000 00:00 0 
7e76904f5000-7e76904f9000 ---p 00000000 00:00 0 
7e76904f9000-7e76905f5000 rw-p 00000000 00:00 0 
7e76905f5000-7e76905f9000 ---p 00000000 00:00 0 
7e76905f9000-7e76906f5000 rw-p 00000000 00:00 0 
7e76906f5000-7e76906f9000 ---p 00000000 00:00 0 
7e76906f9000-7e76907f5000 rw-p 00000000 00:00 0 
7e76907f5000-7e76907f9000 ---p 00000000 00:00 0 
7e76907f9000-7e76908f5000 rw-p 00000000 00:00 0 
7e76908f5000-7e76908f9000 ---p 00000000 00:00 0 
7e76908f9000-7e76909f5000 rw-p 00000000 00:00 0 
7e76909f5000-7e76909f9000 ---p 00000000 00:00 0 
7e76909f9000-7e7690af5000 rw-p 00000000 00:00 0 
7e7690af5000-7e7690af9000 ---p 00000000 00:00 0 
7e7690af9000-7e7690bf5000 rw-p 00000000 00:00 0 
7e7690bf5000-7e7690bf9000 ---p 00000000 00:00 0 
7e7690bf9000-7e7690cf5000 rw-p 00000000 00:00 0 
7e7690cf5000-7e7690cf9000 ---p 00000000 00:00 0 
7e7690cf9000-7e7690df5000 rw-p 00000000 00:00 0 
7e7690df5000-7e7690df9000 ---p 00000000 00:00 0 
7e7690df9000-7e7690ef5000 rw-p 00000000 00:00 0 
7e7690ef5000-7e7690ef9000 ---p 00000000 00:00 0 
7e7690ef9000-7e7690ff5000 rw-p 00000000 00:00 0 
7e7690ff5000-7e7690ff9000 ---p 00000000 00:00 0 
7e7690ff9000-7e76910f5000 rw-p 00000000 00:00 0 
7e76910f5000-7e76910f9000 ---p 00000000 00:00 0 
7e76910f9000-7e76911f5000 rw-p 00000000 00:00 0 
7e76911f5000-7e76911f9000 ---p 00000000 00:00 0 
7e76911f9000-7e76912f5000 rw-p 00000000 00:00 0 
7e76912f5000-7e76912f6000 ---p 00000000 00:00 0 
7e76912f6000-7e76913f6000 rw-p 00000000 00:00 0 
7e76913f6000-7e76913f7000 ---p 00000000 00:00 0 
7e76913f7000-7e76914f7000 rw-p 00000000 00:00 0 
7e76914f7000-7e76914f8000 ---p 00000000 00:00 0 
7e76914f8000-7e76915f8000 rw-p 00000000 00:00 0 
7e76915f8000-7e76915f9000 ---p 00000000 00:00 0 
7e76915f9000-7e76916f9000 rw-p 00000000 00:00 0 
7e76916f9000-7e76916fa000 ---p 00000000 00:00 0 
7e76916fa000-7e76917fa000 rw-p 00000000 00:00 0 
7e76917fa000-7e76917fb000 ---p 00000000 00:00 0 
7e76917fb000-7e76918fb000 rw-p 00000000 00:00 0 
7e76918fb000-7e76918ff000 ---p 00000000 00:00 0 
7e76918ff000-7e76919fb000 rw-p 00000000 00:00 0 
7e76919fb000-7e76919fc000 ---p 00000000 00:00 0 
7e76919fc000-7e7691afc000 rw-p 00000000 00:00 0 
7e7691afc000-7e7691afd000 ---p 00000000 00:00 0 
7e7691afd000-7e7691bfd000 rw-p 00000000 00:00 0 
7e7691bfd000-7e7691bfe000 ---p 00000000 00:00 0 
7e7691bfe000-7e7691cfe000 rw-p 00000000 00:00 0 
7e7691cfe000-7e7691cff000 ---p 00000000 00:00 0 
7e7691cff000-7e7691dff000 rw-p 00000000 00:00 0 
7e7691dff000-7e7691e00000 ---p 00000000 00:00 0 
7e7691e00000-7e7691f00000 rw-p 00000000 00:00 0 
7e7691f00000-7e7691f04000 ---p 00000000 00:00 0 
7e7691f04000-7e7692000000 rw-p 00000000 00:00 0 
7e7692000000-7e7692004000 ---p 00000000 00:00 0 
7e7692004000-7e7692100000 rw-p 00000000 00:00 0 
7e7692100000-7e7692104000 ---p 00000000 00:00 0 
7e7692104000-7e7692200000 rw-p 00000000 00:00 0 
7e7692200000-7e7692204000 ---p 00000000 00:00 0 
7e7692204000-7e7692300000 rw-p 00000000 00:00 0 
7e7692300000-7e7692304000 ---p 00000000 00:00 0 
7e7692304000-7e7692400000 rw-p 00000000 00:00 0 
7e7692400000-7e7692404000 ---p 00000000 00:00 0 
7e7692404000-7e7692500000 rw-p 00000000 00:00 0 
7e7692500000-7e7692504000 ---p 00000000 00:00 0 
7e7692504000-7e7692600000 rw-p 00000000 00:00 0 
7e7692600000-7e7692604000 ---p 00000000 00:00 0 
7e7692604000-7e7692700000 rw-p 00000000 00:00 0 
7e7692700000-7e7692704000 ---p 00000000 00:00 0 
7e7692704000-7e7692800000 rw-p 00000000 00:00 0 
7e7692800000-7e7692804000 ---p 00000000 00:00 0 
7e7692804000-7e7692900000 rw-p 00000000 00:00 0 
7e7692900000-7e7692904000 ---p 00000000 00:00 0 
7e7692904000-7e7692a00000 rw-p 00000000 00:00 0 
7e7692a00000-7e7693a9d000 r--p 00000000 103:02 31332167                  /usr/lib/locale/locale-archive
7e7693afb000-7e7693afc000 ---p 00000000 00:00 0 
7e7693afc000-7e7693bfc000 rw-p 00000000 00:00 0 
7e7693bfc000-7e7693bfd000 ---p 00000000 00:00 0 
7e7693bfd000-7e7693c01000 ---p 00000000 00:00 0 
7e7693c01000-7e7693cfd000 rw-p 00000000 00:00 0 
7e7693cfd000-7e7693cfe000 ---p 00000000 00:00 0 
7e7693cfe000-7e7693dfe000 rw-p 00000000 00:00 0 
7e7693dfe000-7e7693dff000 ---p 00000000 00:00 0 
7e7693dff000-7e7693eff000 rw-p 00000000 00:00 0 
7e7693eff000-7e7693f00000 ---p 00000000 00:00 0 
7e7693f00000-7e7694000000 rw-p 00000000 00:00 0 
7e7694000000-7e7694021000 rw-p 00000000 00:00 0 
7e7694021000-7e7698000000 ---p 00000000 00:00 0 
7e7698000000-7e7698021000 rw-p 00000000 00:00 0 
7e7698021000-7e769c000000 ---p 00000000 00:00 0 
7e769c000000-7e769c021000 rw-p 00000000 00:00 0 
7e769c021000-7e76a0000000 ---p 00000000 00:00 0 
7e76a001d000-7e76a2800000 rw-p 00000000 00:00 0 
7e76a284e000-7e76a2bae000 rw-p 00000000 00:00 0 
7e76a2bae000-7e76a2c2e000 ---p 00000000 00:00 0 
7e76a2c2e000-7e76a2c36000 rw-p 00000000 00:00 0 
7e76a2c36000-7e76a6646000 ---p 00000000 00:00 0 
7e76a6646000-7e76a66e2000 rw-p 00000000 00:00 0 
7e76a66e2000-7e76a66f2000 ---p 00000000 00:00 0 
7e76a66f2000-7e76a66f3000 rw-p 00000000 00:00 0 
7e76a66f3000-7e76a6e35000 ---p 00000000 00:00 0 
7e76a6e35000-7e76a6ea7000 rw-p 00000000 00:00 0 
7e76a6ea7000-7e76a6eb7000 ---p 00000000 00:00 0 
7e76a6eb7000-7e76a6eb8000 rw-p 00000000 00:00 0 
7e76a6eb8000-7e76a75fa000 ---p 00000000 00:00 0 
7e76a75fa000-7e76a7600000 rw-p 00000000 00:00 0 
7e76a7600000-7e76afeb1000 r--s 00000000 103:02 31211048                  /home/tarik/.jdks/openjdk-25.0.2/lib/modules
7e76afebb000-7e76afec9000 r-xp 00000000 103:02 31211043                  /home/tarik/.jdks/openjdk-25.0.2/lib/libverify.so
7e76afec9000-7e76afecb000 r--p 0000d000 103:02 31211043                  /home/tarik/.jdks/openjdk-25.0.2/lib/libverify.so
7e76afecb000-7e76afecc000 rw-p 0000f000 103:02 31211043                  /home/tarik/.jdks/openjdk-25.0.2/lib/libverify.so
7e76afecc000-7e76afed3000 r--s 00000000 103:02 31343432                  /usr/lib/x86_64-linux-gnu/gconv/gconv-modules.cache
7e76afed3000-7e76afed9000 r-xp 00000000 103:02 31211055                  /home/tarik/.jdks/openjdk-25.0.2/lib/libmanagement_ext.so
7e76afed9000-7e76afeda000 r--p 00005000 103:02 31211055                  /home/tarik/.jdks/openjdk-25.0.2/lib/libmanagement_ext.so
7e76afeda000-7e76afedb000 rw-p 00006000 103:02 31211055                  /home/tarik/.jdks/openjdk-25.0.2/lib/libmanagement_ext.so
7e76afedb000-7e76afee7000 r-xp 00000000 103:02 31211044                  /home/tarik/.jdks/openjdk-25.0.2/lib/libnet.so
7e76afee7000-7e76afee8000 r--p 0000b000 103:02 31211044                  /home/tarik/.jdks/openjdk-25.0.2/lib/libnet.so
7e76afee8000-7e76afee9000 rw-p 0000c000 103:02 31211044                  /home/tarik/.jdks/openjdk-25.0.2/lib/libnet.so
7e76afee9000-7e76afefd000 r-xp 00000000 103:02 31211007                  /home/tarik/.jdks/openjdk-25.0.2/lib/libnio.so
7e76afefd000-7e76afefe000 r--p 00013000 103:02 31211007                  /home/tarik/.jdks/openjdk-25.0.2/lib/libnio.so
7e76afefe000-7e76afeff000 rw-p 00014000 103:02 31211007                  /home/tarik/.jdks/openjdk-25.0.2/lib/libnio.so
7e76afeff000-7e76b2aeb000 rw-p 00000000 00:00 0 
7e76b2aeb000-7e76b4000000 ---p 00000000 00:00 0 
7e76b4006000-7e76b400a000 r-xp 00000000 103:02 31211008                  /home/tarik/.jdks/openjdk-25.0.2/lib/libmanagement.so
7e76b400a000-7e76b400b000 r--p 00003000 103:02 31211008                  /home/tarik/.jdks/openjdk-25.0.2/lib/libmanagement.so
7e76b400b000-7e76b400c000 rw-p 00004000 103:02 31211008                  /home/tarik/.jdks/openjdk-25.0.2/lib/libmanagement.so
7e76b400c000-7e76b402f000 r--p 00000000 103:02 31997296                  /usr/share/locale-langpack/tr/LC_MESSAGES/libc.mo
7e76b402f000-7e76b4272000 rw-p 00000000 00:00 0 
7e76b4272000-7e76b4273000 ---p 00000000 00:00 0 
7e76b4273000-7e76b4373000 rw-p 00000000 00:00 0 
7e76b4373000-7e76b4374000 ---p 00000000 00:00 0 
7e76b4374000-7e76b4474000 rw-p 00000000 00:00 0 
7e76b4474000-7e76b4475000 ---p 00000000 00:00 0 
7e76b4475000-7e76b4575000 rw-p 00000000 00:00 0 
7e76b4575000-7e76b5000000 rw-p 00000000 00:00 0 
7e76b5000000-7e76b6100000 rwxp 00000000 00:00 0 
7e76b6100000-7e76b8000000 ---p 00000000 00:00 0 
7e76b8000000-7e76b94de000 r-xp 00000000 103:02 31211062                  /home/tarik/.jdks/openjdk-25.0.2/lib/server/libjvm.so
7e76b94de000-7e76b94df000 ---p 014de000 103:02 31211062                  /home/tarik/.jdks/openjdk-25.0.2/lib/server/libjvm.so
7e76b94df000-7e76b95c5000 r--p 014de000 103:02 31211062                  /home/tarik/.jdks/openjdk-25.0.2/lib/server/libjvm.so
7e76b95c5000-7e76b95ef000 rw-p 015c4000 103:02 31211062                  /home/tarik/.jdks/openjdk-25.0.2/lib/server/libjvm.so
7e76b95ef000-7e76b966a000 rw-p 00000000 00:00 0 
7e76b966d000-7e76b966e000 r--p 00000000 103:02 31342097                  /usr/lib/x86_64-linux-gnu/libnss_mdns4_minimal.so.2
7e76b966e000-7e76b9670000 r-xp 00001000 103:02 31342097                  /usr/lib/x86_64-linux-gnu/libnss_mdns4_minimal.so.2
7e76b9670000-7e76b9671000 r--p 00003000 103:02 31342097                  /usr/lib/x86_64-linux-gnu/libnss_mdns4_minimal.so.2
7e76b9671000-7e76b9672000 r--p 00003000 103:02 31342097                  /usr/lib/x86_64-linux-gnu/libnss_mdns4_minimal.so.2
7e76b9672000-7e76b9673000 rw-p 00004000 103:02 31342097                  /usr/lib/x86_64-linux-gnu/libnss_mdns4_minimal.so.2
7e76b9673000-7e76b967a000 r-xp 00000000 103:02 31211025                  /home/tarik/.jdks/openjdk-25.0.2/lib/libzip.so
7e76b967a000-7e76b967b000 ---p 00007000 103:02 31211025                  /home/tarik/.jdks/openjdk-25.0.2/lib/libzip.so
7e76b967b000-7e76b967c000 r--p 00007000 103:02 31211025                  /home/tarik/.jdks/openjdk-25.0.2/lib/libzip.so
7e76b967c000-7e76b967d000 rw-p 00008000 103:02 31211025                  /home/tarik/.jdks/openjdk-25.0.2/lib/libzip.so
7e76b967d000-7e76b969f000 rw-p 00000000 00:00 0 
7e76b969f000-7e76b96dd000 ---p 00000000 00:00 0 
7e76b96dd000-7e76b96fd000 r-xp 00000000 103:02 31211022                  /home/tarik/.jdks/openjdk-25.0.2/lib/libjava.so
7e76b96fd000-7e76b96fe000 r--p 0001f000 103:02 31211022                  /home/tarik/.jdks/openjdk-25.0.2/lib/libjava.so
7e76b96fe000-7e76b96ff000 rw-p 00020000 103:02 31211022                  /home/tarik/.jdks/openjdk-25.0.2/lib/libjava.so
7e76b96ff000-7e76b9700000 rw-p 00000000 00:00 0 
7e76b9700000-7e76b9704000 ---p 00000000 00:00 0 
7e76b9704000-7e76b9800000 rw-p 00000000 00:00 0 
7e76b9800000-7e76b9828000 r--p 00000000 103:02 31341675                  /usr/lib/x86_64-linux-gnu/libc.so.6
7e76b9828000-7e76b99b0000 r-xp 00028000 103:02 31341675                  /usr/lib/x86_64-linux-gnu/libc.so.6
7e76b99b0000-7e76b99ff000 r--p 001b0000 103:02 31341675                  /usr/lib/x86_64-linux-gnu/libc.so.6
7e76b99ff000-7e76b9a03000 r--p 001fe000 103:02 31341675                  /usr/lib/x86_64-linux-gnu/libc.so.6
7e76b9a03000-7e76b9a05000 rw-p 00202000 103:02 31341675                  /usr/lib/x86_64-linux-gnu/libc.so.6
7e76b9a05000-7e76b9a12000 rw-p 00000000 00:00 0 
7e76b9a15000-7e76b9a1d000 rw-s 00000000 103:02 26225728                  /tmp/hsperfdata_tarik/720610
7e76b9a1d000-7e76b9a3d000 r-xp 00000000 103:02 31211037                  /home/tarik/.jdks/openjdk-25.0.2/lib/libjimage.so
7e76b9a3d000-7e76b9a3e000 ---p 00020000 103:02 31211037                  /home/tarik/.jdks/openjdk-25.0.2/lib/libjimage.so
7e76b9a3e000-7e76b9a40000 r--p 00020000 103:02 31211037                  /home/tarik/.jdks/openjdk-25.0.2/lib/libjimage.so
7e76b9a40000-7e76b9a41000 rw-p 00022000 103:02 31211037                  /home/tarik/.jdks/openjdk-25.0.2/lib/libjimage.so
7e76b9a41000-7e76b9a51000 r--p 00000000 103:02 31342018                  /usr/lib/x86_64-linux-gnu/libm.so.6
7e76b9a51000-7e76b9ad0000 r-xp 00010000 103:02 31342018                  /usr/lib/x86_64-linux-gnu/libm.so.6
7e76b9ad0000-7e76b9b28000 r--p 0008f000 103:02 31342018                  /usr/lib/x86_64-linux-gnu/libm.so.6
7e76b9b28000-7e76b9b29000 r--p 000e7000 103:02 31342018                  /usr/lib/x86_64-linux-gnu/libm.so.6
7e76b9b29000-7e76b9b2a000 rw-p 000e8000 103:02 31342018                  /usr/lib/x86_64-linux-gnu/libm.so.6
7e76b9b2a000-7e76b9b2b000 r--p 00000000 103:02 31342208                  /usr/lib/x86_64-linux-gnu/librt.so.1
7e76b9b2b000-7e76b9b2c000 r-xp 00001000 103:02 31342208                  /usr/lib/x86_64-linux-gnu/librt.so.1
7e76b9b2c000-7e76b9b2d000 r--p 00002000 103:02 31342208                  /usr/lib/x86_64-linux-gnu/librt.so.1
7e76b9b2d000-7e76b9b2e000 r--p 00002000 103:02 31342208                  /usr/lib/x86_64-linux-gnu/librt.so.1
7e76b9b2e000-7e76b9b2f000 rw-p 00003000 103:02 31342208                  /usr/lib/x86_64-linux-gnu/librt.so.1
7e76b9b2f000-7e76b9b33000 rw-p 00000000 00:00 0 
7e76b9b33000-7e76b9b34000 r--p 00000000 103:02 31342180                  /usr/lib/x86_64-linux-gnu/libpthread.so.0
7e76b9b34000-7e76b9b35000 r-xp 00001000 103:02 31342180                  /usr/lib/x86_64-linux-gnu/libpthread.so.0
7e76b9b35000-7e76b9b36000 r--p 00002000 103:02 31342180                  /usr/lib/x86_64-linux-gnu/libpthread.so.0
7e76b9b36000-7e76b9b37000 r--p 00002000 103:02 31342180                  /usr/lib/x86_64-linux-gnu/libpthread.so.0
7e76b9b37000-7e76b9b38000 rw-p 00003000 103:02 31342180                  /usr/lib/x86_64-linux-gnu/libpthread.so.0
7e76b9b38000-7e76b9b39000 r--p 00000000 103:02 31341741                  /usr/lib/x86_64-linux-gnu/libdl.so.2
7e76b9b39000-7e76b9b3a000 r-xp 00001000 103:02 31341741                  /usr/lib/x86_64-linux-gnu/libdl.so.2
7e76b9b3a000-7e76b9b3b000 r--p 00002000 103:02 31341741                  /usr/lib/x86_64-linux-gnu/libdl.so.2
7e76b9b3b000-7e76b9b3c000 r--p 00002000 103:02 31341741                  /usr/lib/x86_64-linux-gnu/libdl.so.2
7e76b9b3c000-7e76b9b3d000 rw-p 00003000 103:02 31341741                  /usr/lib/x86_64-linux-gnu/libdl.so.2
7e76b9b3d000-7e76b9b3f000 r--p 00000000 103:02 31342410                  /usr/lib/x86_64-linux-gnu/libz.so.1.3
7e76b9b3f000-7e76b9b51000 r-xp 00002000 103:02 31342410                  /usr/lib/x86_64-linux-gnu/libz.so.1.3
7e76b9b51000-7e76b9b57000 r--p 00014000 103:02 31342410                  /usr/lib/x86_64-linux-gnu/libz.so.1.3
7e76b9b57000-7e76b9b58000 r--p 0001a000 103:02 31342410                  /usr/lib/x86_64-linux-gnu/libz.so.1.3
7e76b9b58000-7e76b9b59000 rw-p 0001b000 103:02 31342410                  /usr/lib/x86_64-linux-gnu/libz.so.1.3
7e76b9b5a000-7e76b9b5c000 r-xp 00000000 103:02 31211015                  /home/tarik/.jdks/openjdk-25.0.2/lib/libextnet.so
7e76b9b5c000-7e76b9b5d000 r--p 00001000 103:02 31211015                  /home/tarik/.jdks/openjdk-25.0.2/lib/libextnet.so
7e76b9b5d000-7e76b9b5e000 rw-p 00002000 103:02 31211015                  /home/tarik/.jdks/openjdk-25.0.2/lib/libextnet.so
7e76b9b5e000-7e76b9b68000 r-xp 00000000 103:02 31211046                  /home/tarik/.jdks/openjdk-25.0.2/lib/libinstrument.so
7e76b9b68000-7e76b9b69000 ---p 0000a000 103:02 31211046                  /home/tarik/.jdks/openjdk-25.0.2/lib/libinstrument.so
7e76b9b69000-7e76b9b6a000 r--p 0000a000 103:02 31211046                  /home/tarik/.jdks/openjdk-25.0.2/lib/libinstrument.so
7e76b9b6a000-7e76b9b6b000 rw-p 0000b000 103:02 31211046                  /home/tarik/.jdks/openjdk-25.0.2/lib/libinstrument.so
7e76b9b6b000-7e76b9b6c000 ---p 00000000 00:00 0 
7e76b9b6c000-7e76b9b6d000 r--p 00000000 00:00 0 
7e76b9b6d000-7e76b9b6e000 ---p 00000000 00:00 0 
7e76b9b6e000-7e76b9b7d000 r-xp 00000000 103:02 31211026                  /home/tarik/.jdks/openjdk-25.0.2/lib/libjli.so
7e76b9b7d000-7e76b9b7e000 r--p 0000e000 103:02 31211026                  /home/tarik/.jdks/openjdk-25.0.2/lib/libjli.so
7e76b9b7e000-7e76b9b7f000 rw-p 0000f000 103:02 31211026                  /home/tarik/.jdks/openjdk-25.0.2/lib/libjli.so
7e76b9b7f000-7e76b9b81000 rw-p 00000000 00:00 0 
7e76b9b81000-7e76b9b85000 r--p 00000000 00:00 0                          [vvar]
7e76b9b85000-7e76b9b87000 r--p 00000000 00:00 0                          [vvar_vclock]
7e76b9b87000-7e76b9b89000 r-xp 00000000 00:00 0                          [vdso]
7e76b9b89000-7e76b9b8a000 r--p 00000000 103:02 31341469                  /usr/lib/x86_64-linux-gnu/ld-linux-x86-64.so.2
7e76b9b8a000-7e76b9bb5000 r-xp 00001000 103:02 31341469                  /usr/lib/x86_64-linux-gnu/ld-linux-x86-64.so.2
7e76b9bb5000-7e76b9bbf000 r--p 0002c000 103:02 31341469                  /usr/lib/x86_64-linux-gnu/ld-linux-x86-64.so.2
7e76b9bbf000-7e76b9bc1000 r--p 00036000 103:02 31341469                  /usr/lib/x86_64-linux-gnu/ld-linux-x86-64.so.2
7e76b9bc1000-7e76b9bc3000 rw-p 00038000 103:02 31341469                  /usr/lib/x86_64-linux-gnu/ld-linux-x86-64.so.2
7ffd424ac000-7ffd424d2000 rw-p 00000000 00:00 0                          [stack]
ffffffffff600000-ffffffffff601000 --xp 00000000 00:00 0                  [vsyscall]
Total number of mappings: 393

JVMTI agents:
/snap/intellij-idea/60/lib/idea_rt.jar path:none, loaded, initialized, instrumentlib options:40631


VM Arguments:
jvm_args: -XX:TieredStopAtLevel=1 -Dspring.output.ansi.enabled=always -javaagent:/snap/intellij-idea/60/lib/idea_rt.jar=40631 -Dfile.encoding=UTF-8 -Dsun.stdout.encoding=UTF-8 -Dsun.stderr.encoding=UTF-8 
java_command: com.algorycode.rent.RentServiceApplication
java_class_path (initial): /home/tarik/Masaüstü/Services/ALGORY-RENTAL/algorycode-rent-service/target/classes:/home/tarik/.m2/repository/org/springframework/boot/spring-boot-starter-web/4.0.2/spring-boot-starter-web-4.0.2.jar:/home/tarik/.m2/repository/org/springframework/boot/spring-boot-starter-jackson/4.0.2/spring-boot-starter-jackson-4.0.2.jar:/home/tarik/.m2/repository/org/springframework/boot/spring-boot-jackson/4.0.2/spring-boot-jackson-4.0.2.jar:/home/tarik/.m2/repository/tools/jackson/core/jackson-databind/3.0.4/jackson-databind-3.0.4.jar:/home/tarik/.m2/repository/tools/jackson/core/jackson-core/3.0.4/jackson-core-3.0.4.jar:/home/tarik/.m2/repository/org/springframework/boot/spring-boot-starter-tomcat/4.0.2/spring-boot-starter-tomcat-4.0.2.jar:/home/tarik/.m2/repository/org/springframework/boot/spring-boot-starter-tomcat-runtime/4.0.2/spring-boot-starter-tomcat-runtime-4.0.2.jar:/home/tarik/.m2/repository/org/apache/tomcat/embed/tomcat-embed-core/11.0.15/tomcat-embed-core-11.0.15.jar:/home/tarik/.m2/repository/org/apache/tomcat/embed/tomcat-embed-websocket/11.0.15/tomcat-embed-websocket-11.0.15.jar:/home/tarik/.m2/repository/org/springframework/boot/spring-boot-tomcat/4.0.2/spring-boot-tomcat-4.0.2.jar:/home/tarik/.m2/repository/org/springframework/boot/spring-boot-http-converter/4.0.2/spring-boot-http-converter-4.0.2.jar:/home/tarik/.m2/repository/org/springframework/boot/spring-boot/4.0.2/spring-boot-4.0.2.jar:/home/tarik/.m2/repository/org/springframework/spring-context/7.0.3/spring-context-7.0.3.jar:/home/tarik/.m2/repository/org/springframework/spring-web/7.0.3/spring-web-7.0.3.jar:/home/tarik/.m2/repository/org/springframework/boot/spring-boot-webmvc/4.0.2/spring-boot-webmvc-4.0.2.jar:/home/tarik/.m2/repository/org/springframework/boot/spring-boot-servlet/4.0.2/spring-boot-servlet-4.0.2.jar:/home/tarik/.m2/repository/org/springframework/spring-webmvc/7.0.3/spring-webmvc-7.0.3.jar:/home/tarik/.m2/repository/org/springframework/spring-expression/7.0.3/spring-expression-7.0.3.jar:/home/tarik/.m2/repository/org/springframework/boot/spring-boot-starter-data-jpa/4.0.2/spring-boot-starter-data-jpa-4.0.2.jar:/home/tarik/.m2/repository/org/springframework/boot/spring-boot-starter/4.0.2/spring-boot-starter-4.0.2.jar:/home/tarik/.m2/repository/org/springframework/boot/spring-boot-starter-logging/4.0.2/spring-boot-starter-logging-4.0.2.jar:/home/tarik/.m2/repository/ch/qos/logback/logback-classic/1.5.25/logback-classic-1.5.25.jar:/home/tarik/.m2/repository/ch/qos/logback/logback-core/1.5.25/logback-core-1.5.25.jar:/home/tarik/.m2/repository/org/apache/logging/log4j/log4j-to-slf4j/2.25.3/log4j-to-slf4j-2.25.3.jar:/home/tarik/.m2/repository/org/apache/logging/log4j/log4j-api/2.25.3/log4j-api-2.25.3.jar:/home/tarik/.m2/repository/org/slf4j/jul-to-slf4j/2.0.17/jul-to-slf4j-2.0.17.jar:/home/tarik/.m2/repository/org/springframework/boot/spring-boot-autoconfigure/4.0.2/spring-boot-autoconfigure-4.0.2.jar:/home/tarik/.m2/repository/jakarta/annotation/jakarta.annotation-api/3.0.0/jakarta.annotation-api-3.0.0.jar:/home/tarik/.m2/repository/org/yaml/snakeyaml/2.5/snakeyaml-2.5.jar:/home/tarik/.m2/repository/org/springframework/boot/spring-boot-starter-jdbc/4.0.2/spring-boot-starter-jdbc-4.0.2.jar:/home/tarik/.m2/repository/com/zaxxer/HikariCP/7.0.2/HikariCP-7.0.2.jar:/home/tarik/.m2/repository/org/springframework/boot/spring-boot-data-jpa/4.0.2/spring-boot-data-jpa-4.0.2.jar:/home/tarik/.m2/repository/org/springframework/boot/spring-boot-data-commons/4.0.2/spring-boot-data-commons-4.0.2.jar:/home/tarik/.m2/repository/org/springframework/boot/spring-boot-persistence/4.0.2/spring-boot-persistence-4.0.2.jar:/home/tarik/.m2/repository/org/springframework/data/spring-data-commons/4.0.2/spring-data-commons-4.0.2.jar:/home/tarik/.m2/repository/org/springframework/boot/spring-boot-hibernate/4.0.2/spring-boot-hibernate-4.0.2.jar:/home/tarik/.m2/repository/org/springframework/boot/spring-boot-jpa/4.0.2/spring-boot-jpa-4.0.2.jar:/home/tarik/.m2/repository/jakarta/persistence/jakarta.persistence-api/3.2.0/jakarta.persistence-api-3.2.0.jar:/home/tarik/.m2/repository/org/hibernate/orm/hibernate-core/7.2.1.Final/hibernate-core-7.2.1.Final.jar:/home/tarik/.m2/repository/jakarta/transaction/jakarta.transaction-api/2.0.1/jakarta.transaction-api-2.0.1.jar:/home/tarik/.m2/repository/org/hibernate/models/hibernate-models/1.0.1/hibernate-models-1.0.1.jar:/home/tarik/.m2/repository/org/glassfish/jaxb/jaxb-runtime/4.0.6/jaxb-runtime-4.0.6.jar:/home/tarik/.m2/repository/org/glassfish/jaxb/jaxb-core/4.0.6/jaxb-core-4.0.6.jar:/home/tarik/.m2/repository/org/eclipse/angus/angus-activation/2.0.3/angus-activation-2.0.3.jar:/home/tarik/.m2/repository/org/glassfish/jaxb/txw2/4.0.6/txw2-4.0.6.jar:/home/tarik/.m2/repository/com/sun/istack/istack-commons-runtime/4.1.2/istack-commons-runtime-4.1.2.jar:/home/tarik/.m2/repository/org/springframework/spring-orm/7.0.3/spring-orm-7.0.3.jar:/home/tarik/.m2/repository/org/springframework/data/spring-data-jpa/4.0.2/spring-data-jpa-4.0.2.jar:/home/tarik/.m2/repository/org/springframework/spring-tx/7.0.3/spring-tx-7.0.3.jar:/home/tarik/.m2/repository/org/antlr/antlr4-runtime/4.13.2/antlr4-runtime-4.13.2.jar:/home/tarik/.m2/repository/org/springframework/spring-aspects/7.0.3/spring-aspects-7.0.3.jar:/home/tarik/.m2/repository/org/aspectj/aspectjweaver/1.9.25.1/aspectjweaver-1.9.25.1.jar:/home/tarik/.m2/repository/org/springframework/boot/spring-boot-jdbc/4.0.2/spring-boot-jdbc-4.0.2.jar:/home/tarik/.m2/repository/org/springframework/boot/spring-boot-sql/4.0.2/spring-boot-sql-4.0.2.jar:/home/tarik/.m2/repository/org/springframework/boot/spring-boot-transaction/4.0.2/spring-boot-transaction-4.0.2.jar:/home/tarik/.m2/repository/org/springframework/spring-jdbc/7.0.3/spring-jdbc-7.0.3.jar:/home/tarik/.m2/repository/org/springframework/boot/spring-boot-starter-validation/4.0.2/spring-boot-starter-validation-4.0.2.jar:/home/tarik/.m2/repository/org/springframework/boot/spring-boot-validation/4.0.2/spring-boot-validation-4.0.2.jar:/home/tarik/.m2/repository/org/apache/tomcat/embed/tomcat-embed-el/11.0.15/tomcat-embed-el-11.0.15.jar:/home/tarik/.m2/repository/org/hibernate/validator/hibernate-validator/9.0.1.Final/hibernate-validator-9.0.1.Final.jar:/home/tarik/.m2/repository/jakarta/validation/jakarta.validation-api/3.1.1/jakarta.validation-api-3.1.1.jar:/home/tarik/.m2/repository/org/jboss/logging/jboss-logging/3.6.1.Final/jboss-logging-3.6.1.Final.jar:/home/tarik/.m2/repository/com/fasterxml/classmate/1.7.3/classmate-1.7.3.jar:/home/tarik/.m2/repository/org/springframework/boot/spring-boot-starter-amqp/4.0.2/spring-boot-starter-amqp-4.0.2.jar:/home/tarik/.m2/repository/org/springframework/boot/spring-boot-amqp/4.0.2/spring-boot-amqp-4.0.2.jar:/home/tarik/.m2/repository/org/springframework/spring-messaging/7.0.3/spring-messaging-7.0.3.jar:/home/tarik/.m2/repository/org/springframework/amqp/spring-rabbit/4.0.2/spring-rabbit-4.0.2.jar:/home/tarik/.m2/repository/org/springframework/amqp/spring-amqp/4.0.2/spring-amqp-4.0.2.jar:/home/tarik/.m2/repository/com/rabbitmq/amqp-client/5.27.1/amqp-client-5.27.1.jar:/home/tarik/.m2/repository/io/netty/netty-transport/4.2.9.Final/netty-transport-4.2.9.Final.jar:/home/tarik/.m2/repository/io/netty/netty-common/4.2.9.Final/netty-common-4.2.9.Final.jar:/home/tarik/.m2/repository/io/netty/netty-buffer/4.2.9.Final/netty-buffer-4.2.9.Final.jar:/home/tarik/.m2/repository/io/netty/netty-resolver/4.2.9.Final/netty-resolver-4.2.9.Final.jar:/home/tarik/.m2/repository/io/netty/netty-codec/4.2.9.Final/netty-codec-4.2.9.Final.jar:/home/tarik/.m2/repository/io/netty/netty-codec-base/4.2.9.Final/netty-codec-base-4.2.9.Final.jar:/home/tarik/.m2/repository/io/netty/netty-codec-compression/4.2.9.Final/netty-codec-compression-4.2.9.Final.jar:/home/tarik/.m2/repository/io/netty/netty-codec-protobuf/4.2.9.Final/netty-codec-protobuf-4.2.9.Final.jar:/home/tarik/.m2/repository/io/netty/netty-codec-marshalling/4.2.9.Final/netty-codec-marshalling-4.2.9.Final.jar:/home/tarik/.m2/repository/io/netty/netty-handler/4.2.9.Final/netty-handler-4.2.9.Final.jar:/home/tarik/.m2/repository/io/netty/netty-transport-native-unix-common/4.2.9.Final/netty-transport-native-unix-common-4.2.9.Final.jar:/home/tarik/.m2/repository/org/springframework/boot/spring-boot-starter-actuator/4.0.2/spring-boot-starter-actuator-4.0.2.jar:/home/tarik/.m2/repository/org/springframework/boot/spring-boot-starter-micrometer-metrics/4.0.2/spring-boot-starter-micrometer-metrics-4.0.2.jar:/home/tarik/.m2/repository/org/springframework/boot/spring-boot-micrometer-metrics/4.0.2/spring-boot-micrometer-metrics-4.0.2.jar:/home/tarik/.m2/repository/org/springframework/boot/spring-boot-micrometer-observation/4.0.2/spring-boot-micrometer-observation-4.0.2.jar:/home/tarik/.m2/repository/org/springframework/boot/spring-boot-actuator-autoconfigure/4.0.2/spring-boot-actuator-autoconfigure-4.0.2.jar:/home/tarik/.m2/repository/org/springframework/boot/spring-boot-actuator/4.0.2/spring-boot-actuator-4.0.2.jar:/home/tarik/.m2/repository/org/springframework/boot/spring-boot-health/4.0.2/spring-boot-health-4.0.2.jar:/home/tarik/.m2/repository/io/micrometer/micrometer-observation/1.16.2/micrometer-observation-1.16.2.jar:/home/tarik/.m2/repository/org/jspecify/jspecify/1.0.0/jspecify-1.0.0.jar:/home/tarik/.m2/repository/io/micrometer/micrometer-commons/1.16.2/micrometer-commons-1.16.2.jar:/home/tarik/.m2/repository/io/micrometer/micrometer-jakarta9/1.16.2/micrometer-jakarta9-1.16.2.jar:/home/tarik/.m2/repository/io/micrometer/micrometer-core/1.16.2/micrometer-core-1.16.2.jar:/home/tarik/.m2/repository/org/hdrhistogram/HdrHistogram/2.2.2/HdrHistogram-2.2.2.jar:/home/tarik/.m2/repository/org/latencyutils/LatencyUtils/2.0.3/LatencyUtils-2.0.3.jar:/home/tarik/.m2/repository/org/springdoc/springdoc-openapi-starter-webmvc-ui/3.0.3/springdoc-openapi-starter-webmvc-ui-3.0.3.jar:/home/tarik/.m2/repository/org/springdoc/springdoc-openapi-starter-webmvc-api/3.0.3/springdoc-openapi-starter-webmvc-api-3.0.3.jar:/home/tarik/.m2/repository/org/springdoc/springdoc-openapi-starter-common/3.0.3/springdoc-openapi-starter-common-3.0.3.jar:/home/tarik/.m2/repository/io/swagger/core/v3/swagger-core-jakarta/2.2.47/swagger-core-jakarta-2.2.47.jar:/home/tarik/.m2/repository/io/swagger/core/v3/swagger-annotations-jakarta/2.2.47/swagger-annotations-jakarta-2.2.47.jar:/home/tarik/.m2/repository/io/swagger/core/v3/swagger-models-jakarta/2.2.47/swagger-models-jakarta-2.2.47.jar:/home/tarik/.m2/repository/com/fasterxml/jackson/dataformat/jackson-dataformat-yaml/2.20.2/jackson-dataformat-yaml-2.20.2.jar:/home/tarik/.m2/repository/org/springframework/boot/spring-boot-web-server/4.0.2/spring-boot-web-server-4.0.2.jar:/home/tarik/.m2/repository/org/webjars/swagger-ui/5.32.2/swagger-ui-5.32.2.jar:/home/tarik/.m2/repository/org/webjars/webjars-locator-lite/1.1.3/webjars-locator-lite-1.1.3.jar:/home/tarik/.m2/repository/org/springframework/cloud/spring-cloud-starter-netflix-eureka-client/5.0.1/spring-cloud-starter-netflix-eureka-client-5.0.1.jar:/home/tarik/.m2/repository/org/springframework/cloud/spring-cloud-starter/5.0.1/spring-cloud-starter-5.0.1.jar:/home/tarik/.m2/repository/org/springframework/cloud/spring-cloud-context/5.0.1/spring-cloud-context-5.0.1.jar:/home/tarik/.m2/repository/org/springframework/boot/spring-boot-restclient/4.0.2/spring-boot-restclient-4.0.2.jar:/home/tarik/.m2/repository/org/springframework/boot/spring-boot-http-client/4.0.2/spring-boot-http-client-4.0.2.jar:/home/tarik/.m2/repository/org/springframework/security/spring-security-crypto/7.0.2/spring-security-crypto-7.0.2.jar:/home/tarik/.m2/repository/org/springframework/cloud/spring-cloud-commons/5.0.1/spring-cloud-commons-5.0.1.jar:/home/tarik/.m2/repository/org/springframework/cloud/spring-cloud-netflix-eureka-client/5.0.1/spring-cloud-netflix-eureka-client-5.0.1.jar:/home/tarik/.m2/repository/org/springframework/boot/spring-boot-jackson2/4.0.2/spring-boot-jackson2-4.0.2.jar:/home/tarik/.m2/repository/com/fasterxml/jackson/datatype/jackson-datatype-jdk8/2.20.2/jackson-datatype-jdk8-2.20.2.jar:/home/tarik/.m2/repository/com/fasterxml/jackson/datatype/jackson-datatype-jsr310/2.20.2/jackson-datatype-jsr310-2.20.2.jar:/home/tarik/.m2/repository/com/fasterxml/jackson/module/jackson-module-parameter-names/2.20.2/jackson-module-parameter-names-2.20.2.jar:/home/tarik/.m2/repository/org/apache/httpcomponents/client5/httpclient5/5.5.2/httpclient5-5.5.2.jar:/home/tarik/.m2/repository/org/apache/httpcomponents/core5/httpcore5/5.3.6/httpcore5-5.3.6.jar:/home/tarik/.m2/repository/org/apache/httpcomponents/core5/httpcore5-h2/5.3.6/httpcore5-h2-5.3.6.jar:/home/tarik/.m2/repository/com/netflix/eureka/eureka-client/2.0.5/eureka-client-2.0.5.jar:/home/tarik/.m2/repository/com/thoughtworks/xstream/xstream/1.4.21/xstream-1.4.21.jar:/home/tarik/.m2/repository/io/github/x-stream/mxparser/1.2.2/mxparser-1.2.2.jar:/home/tarik/.m2/repository/xmlpull/xmlpull/1.1.3.1/xmlpull-1.1.3.1.jar:/home/tarik/.m2/repository/jakarta/ws/rs/jakarta.ws.rs-api/4.0.0/jakarta.ws.rs-api-4.0.0.jar:/home/tarik/.m2/repository/jakarta/inject/jakarta.inject-api/2.0.1/jakarta.inject-api-2.0.1.jar:/home/tarik/.m2/repository/com/netflix/spectator/spectator-api/1.7.3/spectator-api-1.7.3.jar:/home/tarik/.m2/repository/org/slf4j/slf4j-api/2.0.17/slf4j-api-2.0.17.jar:/home/tarik/.m2/repository/org/apache/httpcomponents/httpclient/4.5.3/httpclient-4.5.3.jar:/home/tarik/.m2/repository/org/apache/httpcomponents/httpcore/4.4.16/httpcore-4.4.16.jar:/home/tarik/.m2/repository/commons-configuration/commons-configuration/1.10/commons-configuration-1.10.jar:/home/tarik/.m2/repository/commons-lang/commons-lang/2.6/commons-lang-2.6.jar:/home/tarik/.m2/repository/com/netflix/netflix-commons/netflix-eventbus/0.3.0/netflix-eventbus-0.3.0.jar:/home/tarik/.m2/repository/com/netflix/netflix-commons/netflix-infix/0.3.0/netflix-infix-0.3.0.jar:/home/tarik/.m2/repository/commons-jxpath/commons-jxpath/1.3/commons-jxpath-1.3.jar:/home/tarik/.m2/repository/joda-time/joda-time/2.3/joda-time-2.3.jar:/home/tarik/.m2/repository/org/antlr/antlr-runtime/3.4/antlr-runtime-3.4.jar:/home/tarik/.m2/repository/org/antlr/stringtemplate/3.2.1/stringtemplate-3.2.1.jar:/home/tarik/.m2/repository/antlr/antlr/2.7.7/antlr-2.7.7.jar:/home/tarik/.m2/repository/com/google/code/gson/gson/2.13.2/gson-2.13.2.jar:/home/tarik/.m2/repository/com/netflix/servo/servo-core/0.5.3/servo-core-0.5.3.jar:/home/tarik/.m2/repository/org/apache/commons/commons-math/2.2/commons-math-2.2.jar:/home/tarik/.m2/repository/javax/annotation/javax.annotation-api/1.2/javax.annotation-api-1.2.jar:/home/tarik/.m2/repository/org/codehaus/jettison/jettison/1.5.4/jettison-1.5.4.jar:/home/tarik/.m2/repository/org/springframework/cloud/spring-cloud-starter-loadbalancer/5.0.1/spring-cloud-starter-loadbalancer-5.0.1.jar:/home/tarik/.m2/repository/org/springframework/cloud/spring-cloud-loadbalancer/5.0.1/spring-cloud-loadbalancer-5.0.1.jar:/home/tarik/.m2/repository/io/projectreactor/reactor-core/3.8.2/reactor-core-3.8.2.jar:/home/tarik/.m2/repository/org/reactivestreams/reactive-streams/1.0.4/reactive-streams-1.0.4.jar:/home/tarik/.m2/repository/io/projectreactor/addons/reactor-extra/3.6.0/reactor-extra-3.6.0.jar:/home/tarik/.m2/repository/org/springframework/boot/spring-boot-starter-cache/4.0.2/spring-boot-starter-cache-4.0.2.jar:/home/tarik/.m2/repository/org/springframework/boot/spring-boot-cache/4.0.2/spring-boot-cache-4.0.2.jar:/home/tarik/.m2/repository/org/springframework/spring-context-support/7.0.3/spring-context-support-7.0.3.jar:/home/tarik/.m2/repository/com/stoyanr/evictor/1.0.0/evictor-1.0.0.jar:/home/tarik/.m2/repository/org/springframework/boot/spring-boot-starter-security/4.0.2/spring-boot-starter-security-4.0.2.jar:/home/tarik/.m2/repository/org/springframework/boot/spring-boot-security/4.0.2/spring-boot-security-4.0.2.jar:/home/tarik/.m2/repository/org/springframework/security/spring-security-config/7.0.2/spring-security-config-7.0.2.jar:/home/tarik/.m2/repository/org/springframework/security/spring-security-core/7.0.2/spring-security-core-7.0.2.jar:/home/tarik/.m2/repository/org/springframework/security/spring-security-web/7.0.2/spring-security-web-7.0.2.jar:/home/tarik/.m2/repository/org/springframework/spring-aop/7.0.3/spring-aop-7.0.3.jar:/home/tarik/.m2/repository/org/springframework/spring-beans/7.0.3/spring-beans-7.0.3.jar:/home/tarik/.m2/repository/org/springframework/boot/spring-boot-starter-thymeleaf/4.0.2/spring-boot-starter-thymeleaf-4.0.2.jar:/home/tarik/.m2/repository/org/springframework/boot/spring-boot-thymeleaf/4.0.2/spring-boot-thymeleaf-4.0.2.jar:/home/tarik/.m2/repository/org/thymeleaf/thymeleaf-spring6/3.1.3.RELEASE/thymeleaf-spring6-3.1.3.RELEASE.jar:/home/tarik/.m2/repository/org/thymeleaf/thymeleaf/3.1.3.RELEASE/thymeleaf-3.1.3.RELEASE.jar:/home/tarik/.m2/repository/org/attoparser/attoparser/2.0.7.RELEASE/attoparser-2.0.7.RELEASE.jar:/home/tarik/.m2/repository/org/unbescape/unbescape/1.1.6.RELEASE/unbescape-1.1.6.RELEASE.jar:/home/tarik/.m2/repository/org/apache/pdfbox/pdfbox/2.0.33/pdfbox-2.0.33.jar:/home/tarik/.m2/repository/org/apache/pdfbox/fontbox/2.0.33/fontbox-2.0.33.jar:/home/tarik/.m2/repository/commons-logging/commons-logging/1.3.5/commons-logging-1.3.5.jar:/home/tarik/.m2/repository/io/minio/minio/8.5.17/minio-8.5.17.jar:/home/tarik/.m2/repository/com/carrotsearch/thirdparty/simple-xml-safe/2.7.1/simple-xml-safe-2.7.1.jar:/home/tarik/.m2/repository/com/google/guava/guava/33.3.1-jre/guava-33.3.1-jre.jar:/home/tarik/.m2/repository/com/google/guava/failureaccess/1.0.2/failureaccess-1.0.2.jar:/home/tarik/.m2/repository/com/google/guava/listenablefuture/9999.0-empty-to-avoid-conflict-with-guava/listenablefuture-9999.0-empty-to-avoid-conflict-with-guava.jar:/home/tarik/.m2/repository/com/google/code/findbugs/jsr305/3.0.2/jsr305-3.0.2.jar:/home/tarik/.m2/repository/com/google/errorprone/error_prone_annotations/2.28.0/error_prone_annotations-2.28.0.jar:/home/tarik/.m2/repository/com/google/j2objc/j2objc-annotations/3.0.0/j2objc-annotations-3.0.0.jar:/home/tarik/.m2/repository/com/squareup/okhttp3/okhttp/4.12.0/okhttp-4.12.0.jar:/home/tarik/.m2/repository/com/squareup/okio/okio/3.6.0/okio-3.6.0.jar:/home/tarik/.m2/repository/com/squareup/okio/okio-jvm/3.6.0/okio-jvm-3.6.0.jar:/home/tarik/.m2/repository/org/jetbrains/kotlin/kotlin-stdlib-common/1.9.10/kotlin-stdlib-common-1.9.10.jar:/home/tarik/.m2/repository/org/jetbrains/kotlin/kotlin-stdlib-jdk8/2.2.21/kotlin-stdlib-jdk8-2.2.21.jar:/home/tarik/.m2/repository/org/jetbrains/kotlin/kotlin-stdlib/2.2.21/kotlin-stdlib-2.2.21.jar:/home/tarik/.m2/repository/org/jetbrains/annotations/13.0/annotations-13.0.jar:/home/tarik/.m2/repository/org/jetbrains/kotlin/kotlin-stdlib-jdk7/2.2.21/kotlin-stdlib-jdk7-2.2.21.jar:/home/tarik/.m2/repository/com/fasterxml/jackson/core/jackson-annotations/2.20/jackson-annotations-2.20.jar:/home/tarik/.m2/repository/com/fasterxml/jackson/core/jackson-core/2.20.2/jackson-core-2.20.2.jar:/home/tarik/.m2/repository/com/fasterxml/jackson/core/jackson-databind/2.20.2/jackson-databind-2.20.2.jar:/home/tarik/.m2/repository/org/bouncycastle/bcprov-jdk18on/1.78.1/bcprov-jdk18on-1.78.1.jar:/home/tarik/.m2/repository/org/apache/commons/commons-compress/1.27.1/commons-compress-1.27.1.jar:/home/tarik/.m2/repository/commons-io/commons-io/2.16.1/commons-io-2.16.1.jar:/home/tarik/.m2/repository/org/apache/commons/commons-lang3/3.19.0/commons-lang3-3.19.0.jar:/home/tarik/.m2/repository/commons-codec/commons-codec/1.19.0/commons-codec-1.19.0.jar:/home/tarik/.m2/repository/org/xerial/snappy/snappy-java/1.1.10.7/snappy-java-1.1.10.7.jar:/home/tarik/.m2/repository/net/logstash/logback/logstash-logback-encoder/8.0/logstash-logback-encoder-8.0.jar:/home/tarik/.m2/repository/org/postgresql/postgresql/42.7.9/postgresql-42.7.9.jar:/home/tarik/.m2/repository/org/checkerframework/checker-qual/3.52.0/checker-qual-3.52.0.jar:/home/tarik/.m2/repository/org/projectlombok/lombok/1.18.38/lombok-1.18.38.jar:/home/tarik/.m2/repository/jakarta/xml/bind/jakarta.xml.bind-api/4.0.4/jakarta.xml.bind-api-4.0.4.jar:/home/tarik/.m2/repository/jakarta/activation/jakarta.activation-api/2.1.4/jakarta.activation-api-2.1.4.jar:/home/tarik/.m2/repository/net/bytebuddy/byte-buddy/1.17.8/byte-buddy-1.17.8.jar:/home/tarik/.m2/repository/org/springframework/spring-core/7.0.3/spring-core-7.0.3.jar
Launcher Type: SUN_STANDARD

[Global flags]
     intx CICompilerCount                          = 4                                         {product} {ergonomic}
     uint ConcGCThreads                            = 3                                         {product} {ergonomic}
     uint G1ConcRefinementThreads                  = 10                                        {product} {ergonomic}
   size_t G1HeapRegionSize                         = 2097152                                   {product} {ergonomic}
   size_t InitialHeapSize                          = 262144000                                 {product} {ergonomic}
   size_t MarkStackSize                            = 4194304                                   {product} {ergonomic}
   size_t MarkStackSizeMax                         = 536870912                                 {product} {ergonomic}
   size_t MaxHeapSize                              = 4171235328                                {product} {ergonomic}
   size_t MaxNewSize                               = 2501902336                                {product} {ergonomic}
   size_t MinHeapDeltaBytes                        = 2097152                                   {product} {ergonomic}
   size_t MinHeapSize                              = 8388608                                   {product} {ergonomic}
    uintx NonNMethodCodeHeapSize                   = 4096                                   {pd product} {ergonomic}
    uintx NonProfiledCodeHeapSize                  = 0                                      {pd product} {ergonomic}
     bool ProfileInterpreter                       = false                                  {pd product} {command line}
    uintx ProfiledCodeHeapSize                     = 0                                      {pd product} {ergonomic}
   size_t SoftMaxHeapSize                          = 4171235328                             {manageable} {ergonomic}
     intx TieredStopAtLevel                        = 1                                         {product} {command line}
     bool UseCompressedOops                        = true                           {product lp64_product} {ergonomic}
     bool UseG1GC                                  = true                                      {product} {ergonomic}

Logging:
Log output configuration:
 #0: stdout all=warning uptime,level,tags foldmultilines=false
 #1: stderr all=off uptime,level,tags foldmultilines=false

Release file:
IMPLEMENTOR="Oracle Corporation"
JAVA_RUNTIME_VERSION="25.0.2+10-69"
JAVA_VERSION="25.0.2"
JAVA_VERSION_DATE="2026-01-20"
LIBC="gnu"
MODULES="java.base java.compiler java.datatransfer java.xml java.prefs java.desktop java.instrument java.logging java.management java.security.sasl java.naming java.rmi java.management.rmi java.net.http java.scripting java.security.jgss java.transaction.xa java.sql java.sql.rowset java.xml.crypto java.se java.smartcardio jdk.accessibility jdk.internal.jvmstat jdk.attach jdk.charsets jdk.internal.opt jdk.zipfs jdk.compiler jdk.crypto.cryptoki jdk.crypto.ec jdk.dynalink jdk.internal.ed jdk.editpad jdk.internal.vm.ci jdk.graal.compiler jdk.graal.compiler.management jdk.hotspot.agent jdk.httpserver jdk.incubator.vector jdk.internal.le jdk.internal.md jdk.jartool jdk.javadoc jdk.jcmd jdk.management jdk.management.agent jdk.jconsole jdk.jdeps jdk.jdwp.agent jdk.jdi jdk.jfr jdk.jlink jdk.jpackage jdk.jshell jdk.jsobject jdk.jstatd jdk.localedata jdk.management.jfr jdk.naming.dns jdk.naming.rmi jdk.net jdk.nio.mapmode jdk.sctp jdk.security.auth jdk.security.jgss jdk.unsupported jdk.unsupported.desktop jdk.xml.dom"
OS_ARCH="x86_64"
OS_NAME="Linux"
SOURCE=".:git:405a5699ebd0"

Environment Variables:
PATH=/home/tarik/.local/bin:/usr/local/sbin:/usr/local/bin:/usr/sbin:/usr/bin:/sbin:/bin:/usr/games:/usr/local/games:/snap/bin:/snap/bin
USERNAME=tarik
SHELL=/bin/bash
DISPLAY=:0
WAYLAND_DISPLAY=wayland-0
LANG=tr_TR.UTF-8

Active Locale:
LC_ALL=tr_TR.UTF-8
LC_COLLATE=tr_TR.UTF-8
LC_CTYPE=tr_TR.UTF-8
LC_MESSAGES=tr_TR.UTF-8
LC_MONETARY=tr_TR.UTF-8
LC_NUMERIC=tr_TR.UTF-8
LC_TIME=tr_TR.UTF-8

Signal Handlers:
   SIGSEGV: crash_handler in libjvm.so, mask=11100100010111111101111111111110, flags=SA_RESTART|SA_SIGINFO, unblocked
    SIGBUS: crash_handler in libjvm.so, mask=11100100010111111101111111111110, flags=SA_RESTART|SA_SIGINFO, unblocked
    SIGFPE: crash_handler in libjvm.so, mask=11100100010111111101111111111110, flags=SA_RESTART|SA_SIGINFO, unblocked
   SIGPIPE: javaSignalHandler in libjvm.so, mask=11100100010111111101111111111110, flags=SA_RESTART|SA_SIGINFO, blocked
   SIGXFSZ: javaSignalHandler in libjvm.so, mask=11100100010111111101111111111110, flags=SA_RESTART|SA_SIGINFO, blocked
    SIGILL: crash_handler in libjvm.so, mask=11100100010111111101111111111110, flags=SA_RESTART|SA_SIGINFO, unblocked
   SIGUSR2: SR_handler in libjvm.so, mask=00000000000000000000000000000000, flags=SA_RESTART|SA_SIGINFO, blocked
    SIGHUP: UserHandler in libjvm.so, mask=11100100010111111101111111111110, flags=SA_RESTART|SA_SIGINFO, blocked
    SIGINT: UserHandler in libjvm.so, mask=11100100010111111101111111111110, flags=SA_RESTART|SA_SIGINFO, blocked
   SIGTERM: UserHandler in libjvm.so, mask=11100100010111111101111111111110, flags=SA_RESTART|SA_SIGINFO, blocked
   SIGQUIT: UserHandler in libjvm.so, mask=11100100010111111101111111111110, flags=SA_RESTART|SA_SIGINFO, blocked
   SIGTRAP: crash_handler in libjvm.so, mask=11100100010111111101111111111110, flags=SA_RESTART|SA_SIGINFO, unblocked


Compilation memory statistics disabled.

Periodic native trim disabled

---------------  S Y S T E M  ---------------

OS:
DISTRIB_ID=Ubuntu
DISTRIB_RELEASE=24.04
DISTRIB_CODENAME=noble
DISTRIB_DESCRIPTION="Ubuntu 24.04.4 LTS"
uname: Linux 6.17.0-22-generic #22~24.04.1-Ubuntu SMP PREEMPT_DYNAMIC Thu Mar 26 15:25:54 UTC 2 x86_64
OS uptime: 5 days 13:43 hours
libc: glibc 2.39 NPTL 2.39 
rlimit (soft/hard): STACK 8192k/infinity , CORE 0k/infinity , NPROC 62776/62776 , NOFILE 1048576/1048576 , AS infinity/infinity , CPU infinity/infinity , DATA infinity/infinity , FSIZE infinity/infinity , MEMLOCK 2036728k/2036728k
load average: 0,23 0,45 0,76

/proc/meminfo:
MemTotal:       16293824 kB
MemFree:         1032188 kB
MemAvailable:    2203968 kB
Buffers:           14624 kB
Cached:          1153272 kB
SwapCached:      5924000 kB
Active:          6555392 kB
Inactive:        6591184 kB
Active(anon):    5792264 kB
Inactive(anon):  6213212 kB
Active(file):     763128 kB
Inactive(file):   377972 kB
Unevictable:         112 kB
Mlocked:             112 kB
SwapTotal:      50331640 kB
SwapFree:       30411008 kB
Zswap:                 0 kB
Zswapped:              0 kB
Dirty:              1392 kB
Writeback:             0 kB
AnonPages:      11742488 kB
Mapped:           834352 kB
Shmem:            161572 kB
KReclaimable:     368384 kB
Slab:             863276 kB
SReclaimable:     368384 kB
SUnreclaim:       494892 kB
KernelStack:       63760 kB
PageTables:       289096 kB
SecPageTables:      3764 kB
NFS_Unstable:          0 kB
Bounce:                0 kB
WritebackTmp:          0 kB
CommitLimit:    58478552 kB
Committed_AS:   83830164 kB
VmallocTotal:   34359738367 kB
VmallocUsed:      170676 kB
VmallocChunk:          0 kB
Percpu:            14688 kB
HardwareCorrupted:     0 kB
AnonHugePages:         0 kB
ShmemHugePages:        0 kB
ShmemPmdMapped:        0 kB
FileHugePages:         0 kB
FilePmdMapped:         0 kB
CmaTotal:              0 kB
CmaFree:               0 kB
Unaccepted:            0 kB
Balloon:               0 kB
HugePages_Total:       0
HugePages_Free:        0
HugePages_Rsvd:        0
HugePages_Surp:        0
Hugepagesize:       2048 kB
Hugetlb:               0 kB
DirectMap4k:    15909896 kB
DirectMap2M:      788480 kB
DirectMap1G:     8388608 kB

/sys/kernel/mm/transparent_hugepage/enabled: always [madvise] never
/sys/kernel/mm/transparent_hugepage/hpage_pmd_size: 2097152
/sys/kernel/mm/transparent_hugepage/shmem_enabled: always within_size advise [never] deny force
/sys/kernel/mm/transparent_hugepage/defrag (defrag/compaction efforts parameter): always defer defer+madvise [madvise] never

Process Memory:
Virtual Size: 9437028K (peak: 9437028K)
Resident Set Size: 293744K (peak: 447828K) (anon: 279548K, file: 14196K, shmem: 0K)
Swapped out: 162900K
C-Heap outstanding allocations: 86686K, retained: 10113K
glibc malloc tunables: (default)

/proc/sys/kernel/threads-max (system-wide limit on the number of threads): 125553
/proc/sys/vm/max_map_count (maximum number of memory map areas a process may have): 1048576
/proc/sys/vm/swappiness (control to define how aggressively the kernel swaps out anonymous memory): 60
/proc/sys/kernel/pid_max (system-wide limit on number of process identifiers): 4194304

container information not found.
Steal ticks since vm start: 0
Steal ticks percentage since vm start:  0,000

CPU: total 12 (initial active 12) (12 cores per cpu, 2 threads per core) family 25 model 33 stepping 0 microcode 0xa201030, cx8, cmov, fxsr, ht, mmx, 3dnowpref, sse, sse2, sse3, ssse3, sse4a, sse4.1, sse4.2, popcnt, lzcnt, tsc, tscinvbit, avx, avx2, aes, erms, clmul, bmi1, bmi2, adx, sha, fma, vzeroupper, clflush, clflushopt, clwb, rdtscp, rdpid, fsrm, f16c, pku, ospke, cet_ss
CPU Model and flags from /proc/cpuinfo:
model name	: AMD Ryzen 5 5600X 6-Core Processor
flags		: fpu vme de pse tsc msr pae mce cx8 apic sep mtrr pge mca cmov pat pse36 clflush mmx fxsr sse sse2 ht syscall nx mmxext fxsr_opt pdpe1gb rdtscp lm constant_tsc rep_good nopl xtopology nonstop_tsc cpuid extd_apicid aperfmperf rapl pni pclmulqdq monitor ssse3 fma cx16 sse4_1 sse4_2 x2apic movbe popcnt aes xsave avx f16c rdrand lahf_lm cmp_legacy svm extapic cr8_legacy abm sse4a misalignsse 3dnowprefetch osvw ibs skinit wdt tce topoext perfctr_core perfctr_nb bpext perfctr_llc mwaitx cpb cat_l3 cdp_l3 hw_pstate ssbd mba ibrs ibpb stibp vmmcall fsgsbase bmi1 avx2 smep bmi2 erms invpcid cqm rdt_a rdseed adx smap clflushopt clwb sha_ni xsaveopt xsavec xgetbv1 xsaves cqm_llc cqm_occup_llc cqm_mbm_total cqm_mbm_local user_shstk clzero irperf xsaveerptr rdpru wbnoinvd arat npt lbrv svm_lock nrip_save tsc_scale vmcb_clean flushbyasid decodeassists pausefilter pfthreshold avic v_vmsave_vmload vgif v_spec_ctrl umip pku ospke vaes vpclmulqdq rdpid overflow_recov succor smca fsrm debug_swap

Online cpus: 0-11
Offline cpus: 
BIOS frequency limitation: <Not Available>
Frequency switch latency (ns): 0
Available cpu frequencies: <Not Available>
Current governor: performance
Core performance/turbo boost: 1

Memory: 4k page, physical 16293824k(2203968k free), swap 50331640k(30411008k free)
Page Sizes: 4k

vm_info: OpenJDK 64-Bit Server VM (25.0.2+10-69) for linux-amd64 JRE (25.0.2+10-69), built on 2025-12-18T11:36:35Z with gcc 14.2.0

END.
